country,completed_lines,unique_customers,unique_products,median_quantity,p90_quantity,median_relative_price,cancellation_rate,transaction_share,market
Belgium,3058,29,986,10.0,24.0,1.0,0.01729106628242075,0.0038915606074295976,BE
Switzerland,2954,22,1250,12.0,36.0,1.0,0.016306052053935403,0.00375921191443657,CH
Germany,16653,107,2165,10.0,24.0,1.0,0.05225828415796641,0.02119233446550853,DE
Spain,3701,38,1403,6.0,24.0,1.0,0.023878247179218052,0.0047098318535307195,ES
France,13746,93,1970,10.0,24.0,1.0,0.027145847871598044,0.017492933979636117,FR
EIRE,15447,3,2770,12.0,36.0,1.0,0.02865938986845788,0.019657598660224,IE
Netherlands,5004,22,1232,48.0,192.0,0.8787878787878788,0.009143968871595331,0.006368008266702978,NL
Portugal,2434,23,904,10.0,24.0,1.0,0.022137404580152672,0.0030974684494714322,PT
United Kingdom,722806,5314,4580,4.0,24.0,1.0,0.0204225782778865,0.91983105180306,UK
