sku_id,title,brand,product_family,list_price_usd,average_rating,rating_count,feature_count,source_line,source
B0012XQBXY,1GB PC3200 (1GBx1) Memory Upgrade for DELL 800 MHz Sockets,Computer Memory Solutions,MEMORY_AND_STORAGE,14.99,4.3,97,4,615177,McAuley-Lab Amazon Reviews 2023/Electronics metadata
B0014GQK4E,HP 379123-001 1000W Power Supply,HP,THERMAL_AND_POWER,106.0,4.4,96,2,514532,McAuley-Lab Amazon Reviews 2023/Electronics metadata
B001PKUUJ0,Gigabyte X58 LGA1366 MAX-16GB DDR3 ATX 3PCIE16 2PCIE 2PCI 8RAID Gbe 12USB,Gigabyte,OTHER_COMPUTE,228.68,3.2,7,5,64350,McAuley-Lab Amazon Reviews 2023/Electronics metadata
B002FPJY8C,Online-Welcome Hebrew- Russian- English Non Transparent Black Background Keyboard Stickers for Any Pc Computer Laptop Desktop Keyboards,Online-Welcome,WORKSTATION_AND_PC,9.62,4.6,11,5,226544,McAuley-Lab Amazon Reviews 2023/Electronics metadata
B002TJNDU4,100-240V AC to 12V DC Power Supply with 4 Pin Molex (5A / 5000mA),OKGEAR,THERMAL_AND_POWER,19.95,4.0,99,3,202266,McAuley-Lab Amazon Reviews 2023/Electronics metadata
B003UJ3LOA,"NEW 250GB 2.5"" SATA HDD Hard Disk Drive for Dell Latitude 13 131L 2100 D520 D530 D531 D630 D630C D631 D820 D830 E4300 E5400 E5500 E6400 E6400 ATG E6400 XFR E6410 E6500 E6510 XT2_XFR Laptops",Diginex,OTHER_COMPUTE,25.99,5.0,11,0,88020,McAuley-Lab Amazon Reviews 2023/Electronics metadata
B003Y3GSYC,"Brand New 15.6"" WXGA Glossy Laptop LED Screen For Dell Inspiron PP41L - Model Only",Generic,OTHER_COMPUTE,65.33,3.4,6,0,382987,McAuley-Lab Amazon Reviews 2023/Electronics metadata
B0041HUQBQ,DLP 3D shutter glasses and transmitter family 4 pack for your compatible 3D HDTV (computer or converter required for some 3D content),I-O DATA,WORKSTATION_AND_PC,149.95,5.0,5,5,303593,McAuley-Lab Amazon Reviews 2023/Electronics metadata
B004JWM3JG,Lamptron Computer Slot Protector/Dust Cover Set (UV Green),Lamptron,WORKSTATION_AND_PC,10.99,4.5,4,5,360257,McAuley-Lab Amazon Reviews 2023/Electronics metadata
B004M5H9NA,WD My Book for Mac 1 TB USB 2.0 Desktop External Hard Drive,Western Digital,MEMORY_AND_STORAGE,179.0,4.3,309,5,198777,McAuley-Lab Amazon Reviews 2023/Electronics metadata
B004Q7GOM6,Intel Boxdh67clb3 Dh67cl Motherboard LGA 1155 ATX Form Factor,Intel,MOTHERBOARD,128.02,4.0,57,7,462626,McAuley-Lab Amazon Reviews 2023/Electronics metadata
B004TL8ZXA,Asus K55VD K55VM K55A K55DRLaptop AC Adapter Charger Power Cord,Delta,OTHER_COMPUTE,26.98,3.6,51,3,30355,McAuley-Lab Amazon Reviews 2023/Electronics metadata
B00540IHEC,C-130 airborne drop Laptop Skin,Laced Up Decals,OTHER_COMPUTE,9.49,3.7,12,6,33878,McAuley-Lab Amazon Reviews 2023/Electronics metadata
B0062I9ZTG,ASRock Intel X79 ATX DDR3 1600 LGA 2011 Motherboards X79 EXTREME4,ASRock,MOTHERBOARD,398.86,4.0,25,8,938,McAuley-Lab Amazon Reviews 2023/Electronics metadata
B006L6ZHAU,"SilverStone Technology Tek Micro-ATX Mini-DTX, Mini-ITX Mini Tower Plastic with Aluminum Accent Computer Cases PS07B (Black)",SilverStone Technology,WORKSTATION_AND_PC,114.71,3.8,54,8,527875,McAuley-Lab Amazon Reviews 2023/Electronics metadata
B008FSZKU4,Kingston Technology ValueRAM 2GB DDR3 1600MHz PC3-12800 DDR3 Non-ECC CL11 DIMM Motherboard Memory KVR16N11/2,Kingston Technology,MOTHERBOARD,24.74,4.3,12,5,706730,McAuley-Lab Amazon Reviews 2023/Electronics metadata
B0093H8JCM,Intel Core i3-3220T Dual-Core Processor 2.8 Ghz 3MB Cache LGA 1155 - BX80637i33220T,Intel,CPU_AND_PROCESSOR,135.0,3.8,38,3,154603,McAuley-Lab Amazon Reviews 2023/Electronics metadata
B00AT4N5XQ,Transcend 4 GB Class 4 microSDHC Flash Memory Card TS4GUSDHC4,Transcend,MEMORY_AND_STORAGE,9.79,4.4,381,13,351455,McAuley-Lab Amazon Reviews 2023/Electronics metadata
B00EZB1FXQ,"4GB DDR3 Memory Upgrade for Toshiba Satellite C655 Series, Toshiba Satellite C655D Series Notebook PC3-10600 204 pin 1333MHz Laptop SODIMM RAM (PARTS-QUICK Brand)",Parts-quick,MEMORY_AND_STORAGE,24.99,3.4,3,4,640401,McAuley-Lab Amazon Reviews 2023/Electronics metadata
B00FPNKGJC,"HQRP AC Adapter Compatible with Western Digital WD My Cloud WDBCTL0020HWT WDBCTL0030HWT WDBCTL0040HWT ; 2TB 3TB 4TB Network Attached Storage NAS, Power Supply Cord Plus HQRP Euro Plug Adapter",HQRP,THERMAL_AND_POWER,13.95,4.4,128,5,180065,McAuley-Lab Amazon Reviews 2023/Electronics metadata
B00IQ4E0ZI,MSI G Series GP60 Leopard-010 15.6-Inch Laptop (Black),MSI,OTHER_COMPUTE,899.0,3.5,65,5,315302,McAuley-Lab Amazon Reviews 2023/Electronics metadata
B00ISO0FUA,"Dell Optiplex , 3.0 Ghz Intel E8400 Cpu, New 4 Gb Memory, 250 Gb Hard Drive, DVD R/w, Windows 7 - (Certified Reconditioned)",Dell,MEMORY_AND_STORAGE,112.27,4.2,8,4,669246,McAuley-Lab Amazon Reviews 2023/Electronics metadata
B00IWGKKM2,UpBright 4-Pin 24V AC/DC Adapter Replacement for CD Coming Data LP-2460 LP2460 Co Ming Data CDComing Luxen Tech FY2405000 FY 2405000 SAMSING 24VDC 5A 6A - 7A Power Supply Charger (w/ 4 Prong End),UPBRIGHT,THERMAL_AND_POWER,43.99,3.5,17,0,217709,McAuley-Lab Amazon Reviews 2023/Electronics metadata
B00JLV4BWC,"AC Infinity MULTIFAN S7, Quiet Dual 120mm USB Fan, UL-Certified for Receiver DVR Playstation Xbox Computer Cabinet Cooling",AC Infinity,WORKSTATION_AND_PC,19.99,4.7,7016,5,46728,McAuley-Lab Amazon Reviews 2023/Electronics metadata
B00KCLIFUE,ASUS Micro ATX DDR3 2400 NA Motherboard A88XM-E,ASUS,MOTHERBOARD,124.99,4.3,24,4,525974,McAuley-Lab Amazon Reviews 2023/Electronics metadata
B00L5GZOW2,EVGA GeForce GT 730 1GB DDR3 128bit DVI/HDMI/VGA Low Profile Graphics Card 01G-P3-2730-KR,EVGA,GPU_AND_GRAPHICS,78.02,4.3,20,5,226363,McAuley-Lab Amazon Reviews 2023/Electronics metadata
B00M0K6G3I,4GB Stick Gateway SX Desktop SX2865-UR11P SX2865-UR15 SX2865-UR308 SX2865-UR328 SX2865-UR338 SX2865-UR348 SX2870-UR10P SX2855-UB22P SX2855-UR20P SX2855-UR21P DDR3 Non-ECC PC3-10600 1333MHz RAM Memory,A-Tech,MEMORY_AND_STORAGE,36.29,5.0,6,4,535867,McAuley-Lab Amazon Reviews 2023/Electronics metadata
B00SNDXBAW,"Panasonic Toughbook CF-532JCZYCM Laptop (Windows 8, Intel A4 2 GHz, 14"" LED-lit Screen, Storage: 320 GB, RAM: 4 GB) Silver",Panasonic,OTHER_COMPUTE,1599.0,3.0,7,5,278835,McAuley-Lab Amazon Reviews 2023/Electronics metadata
B00TO77NUU,Intel OEM BV80605001908AK Core i7-860 Processor 2.8GHz 2.5GT/s 8MB LGA 1156 CPU OEM,Intel,CPU_AND_PROCESSOR,49.95,4.7,5,0,68069,McAuley-Lab Amazon Reviews 2023/Electronics metadata
B00TTOKAQC,Gigabyte FM2+ AMD A68H SATA 6Gb/s USB 3.0 HDMI Micro ATX AMD Motherboards GA-F2A68HM-HD2,Gigabyte,MOTHERBOARD,118.04,3.9,40,6,392145,McAuley-Lab Amazon Reviews 2023/Electronics metadata
B00UACMXU8,"Piel Leather Double Loop Flap-Over Laptop Backpack, Black, One Size",Piel Leather,OTHER_COMPUTE,364.0,4.3,20,5,318751,McAuley-Lab Amazon Reviews 2023/Electronics metadata
B00VY23P7S,Accessory USA AC Adapter Power Supply Charger Cord for Roland EP-7 II Digital Piano,Accessory USA,THERMAL_AND_POWER,8.85,4.5,4,4,236949,McAuley-Lab Amazon Reviews 2023/Electronics metadata
B00XXWPTUS,HQRP AC Adapter Compatible with Panasonic HC-V770 HC-V777 HC-V770M HC-V760 HC-WX970 HC-WX979 HC-WX970M HC-VX870 HC-VX878 HC-VX870M Camcorder Power Supply Cord AC Adaptor Charger + Euro Plug Adapter,HQRP,THERMAL_AND_POWER,8.91,5.0,4,5,147935,McAuley-Lab Amazon Reviews 2023/Electronics metadata
B00YX10X4K,Accessory USA AC Adapter Charger for Philips Norelco 7800XL 7810XL 8260XL Power Supply,Accessory USA,THERMAL_AND_POWER,9.98,4.6,18,4,383683,McAuley-Lab Amazon Reviews 2023/Electronics metadata
B016MXAUM6,Jotto-Cargo Slide 425-5626/5215 Laptop Stand 2015 Ford TR,Jotto Cargo,OTHER_COMPUTE,324.43,4.2,3,1,273057,McAuley-Lab Amazon Reviews 2023/Electronics metadata
B0170WQEA0,"12U Server Rack Cabinet Enclosure Fully Equipped! Accessories Free! Fits Most Server Equipment 35"" Deep Fully Lockable Network IT 19"" Enclosure Box",Sysracks,SERVER_AND_ACCELERATOR,399.99,3.9,20,5,448878,McAuley-Lab Amazon Reviews 2023/Electronics metadata
B01AJR9GY4,"Sedna - PCIE 7 Port USB 3.0 Adapter Card (7 External Ports) with SATA Power Connector, (NEC Host Controller)",Sedna,OTHER_COMPUTE,41.3,4.0,3,5,567272,McAuley-Lab Amazon Reviews 2023/Electronics metadata
B01C0B0RWC,"Uniden DFR7 Super Long Range Wide Band Laser/Radar Detector, Built-in GPS w/Mute Memory, Voice Alerts, Red Light & Speed Camera Alerts, OLED Display, Black",Uniden,MEMORY_AND_STORAGE,169.97,4.5,2505,7,12482,McAuley-Lab Amazon Reviews 2023/Electronics metadata
B01HYOH8OK,Replacement CD DVD Burner Writer Player Drive for Dell Optiplex Small Form Factor SFF 390 790 990 3010 3020 7010 7020 9010 Computer and SATA Cable,Dell,WORKSTATION_AND_PC,26.33,4.5,177,4,254253,McAuley-Lab Amazon Reviews 2023/Electronics metadata
B01MDLVSGG,JIAZIJIA 01AY968 Laptop Battery Replacement for Lenovo ThinkPad P1 X1 Extreme 1st Gen 2018 2nd Gen 2019 Series SB10Q76928 L17M4P72 L18M4P71 SB10S57317 01YU911 L17C4P72 SB10Q76929 01AY969 15.36V 80Wh,JIAZIJIA,OTHER_COMPUTE,59.99,3.5,4,5,28846,McAuley-Lab Amazon Reviews 2023/Electronics metadata
B01N12D432,"lenovo ThinkCentre Premium High Performance M91P Desktop Computer, Intel Core i5 Quad-Core Processor 3.1GHz, 8GB RAM, 1TB HDD, Windows 10 Home (Renewed)",Lenovo,CPU_AND_PROCESSOR,84.79,4.0,1584,4,263172,McAuley-Lab Amazon Reviews 2023/Electronics metadata
B01N2VZOTY,10 Pack TrackPoint Keyboard Mouse Red Cap Soft Dome Laptop Pointer for IBM Lenovo ThinkPad,JNSupplier,OTHER_COMPUTE,10.99,4.1,19,4,614263,McAuley-Lab Amazon Reviews 2023/Electronics metadata
B01N3OCEWR,BestCH 12V Global AC/DC Adapter for TEKA TEKA006-1200500UK TEKA006A-1200500UK 12VDC Power Supply Cord PS Wall Charger Mains PSU,BestCH,THERMAL_AND_POWER,16.2,4.4,4,4,146318,McAuley-Lab Amazon Reviews 2023/Electronics metadata
B01N9QRF83,Secure Digital 64GB High Capacity (SDHC) Memory Card Works with Panasonic Lumix DC-FZ80 Digital Camera,Synergy Digital,MEMORY_AND_STORAGE,14.45,4.0,5,5,353188,McAuley-Lab Amazon Reviews 2023/Electronics metadata
B06XPY2B2N,"12 Pcs Cable Clips Self Adhesive Cord Management Multipurpose Organizer Colorful Silicone Wire Holder Wall Sticker Hook for Charger, Cell Phone, Office Desk,Computer",mxtechnic,WORKSTATION_AND_PC,12.99,4.1,22,5,260732,McAuley-Lab Amazon Reviews 2023/Electronics metadata
B06XQN1GKK,18.5V 3.5A 65W Ac Adapter for HP Pavilion DV7 DV6 DV5 DV4 DM4 G7 G6 G4 Series;Charger for Probook-Elitebook-Compaq-Presario CQ57 CQ56 CQ62 CQ60 2000-2B09WM 2000-2A20NR Laptop Adapter Power Cord,ROLADA,OTHER_COMPUTE,12.88,4.5,571,3,636276,McAuley-Lab Amazon Reviews 2023/Electronics metadata
B06Y48XHSV,Rangale CPU Fan Cooling for Acer Nitro 5 AN515-58 AN515-46 N22C1 AN517-55 Predator Helios 300 PH317-55 PH315-55 PH317-56 DC12V Series Laptop,Rangale,CPU_AND_PROCESSOR,16.09,4.7,5,3,431264,McAuley-Lab Amazon Reviews 2023/Electronics metadata
B0718T232Z,HiLetgo ESP-WROOM-32 ESP32 ESP-32S Development Board 2.4GHz Dual-Mode WiFi + Bluetooth Dual Cores Microcontroller Processor Integrated with Antenna RF AMP Filter AP STA for Arduino IDE,HiLetgo,CPU_AND_PROCESSOR,10.49,4.5,1276,5,535258,McAuley-Lab Amazon Reviews 2023/Electronics metadata
B0719SR1VB,Accessory USA AC DC Adapter for First Act AL104 MA2039 MA4024 MA003 MA007 MA004 Guitar Amplier Power Supply Cord,Accessory USA,THERMAL_AND_POWER,20.89,4.7,11,4,137946,McAuley-Lab Amazon Reviews 2023/Electronics metadata
B071RWJG92,"CPU Dust Cover, CPU Computer Desktop PC Mid-Tower Case Protector, Covers PC Case by SZBRO (10W x20H x24D)",SZBRO,CPU_AND_PROCESSOR,9.99,4.5,327,5,62835,McAuley-Lab Amazon Reviews 2023/Electronics metadata
B071W6DDVP,Accessory USA AC Adapter Power Supply Wall Cable Charger Power Cord for Magellan Roadmate 1412 1420 1424 1425 T 1430 1440 1475 1470 1445 t 1475t GPS,Accessory USA,THERMAL_AND_POWER,8.89,4.2,3,4,396994,McAuley-Lab Amazon Reviews 2023/Electronics metadata
B072289VCM,"ANGWEL New Laptop Charger AC Adapter for HP Pavilion DV5, DV7, DV4, PPP009H, 608425-002, 609939-001,18.5V 3.5A 65W 7.4mm*5.0mm",ANGWEL,OTHER_COMPUTE,14.89,4.4,141,0,35008,McAuley-Lab Amazon Reviews 2023/Electronics metadata
B072PZQTDS,Accessory USA 12V AC to AC Adapter for Hon-Kwang A12-1A A121A Plug in Class 2 Transformer 12VAC Power Supply Cord (Input: 110VAC),Accessory USA,THERMAL_AND_POWER,24.89,3.8,3,4,656185,McAuley-Lab Amazon Reviews 2023/Electronics metadata
B0746H6X11,Dentsing 51Wh 93FTF Laptop Battery Replacement for Dell Latitude 5280 5480 5580 5590 5490 5288 5290 5290 5488 5495 E5280 E5480 E5580 E5490 E5590 E5480 E5290 E5591 Precision 15 3520 3530 D4CMT 451-BBZT,Dentsing,OTHER_COMPUTE,39.74,4.5,15,5,362898,McAuley-Lab Amazon Reviews 2023/Electronics metadata
B074TWFXRV,"T POWER 5V Charger Ac Dc Adapter for for Voyor , Hoposo, Uniden Bearcat : BC75XLT BC-75XLT , BC125AT, BCD325P2, BCD436HP, and HOME PATROL 2 RADIO SCANNERS Power Supply",T POWER,THERMAL_AND_POWER,9.99,4.5,237,5,356758,McAuley-Lab Amazon Reviews 2023/Electronics metadata
B0756C8ZZB,【Nintendo Switch】 Micro SD Memory card 128GB for Nintendo Switch,ホリ,MEMORY_AND_STORAGE,76.97,4.2,255,5,307493,McAuley-Lab Amazon Reviews 2023/Electronics metadata
B075DHN6BZ,"OWC 1 TB Mercury Electra 6G SSD 2.5"" Serial-ATA 7mm Solid State Drive",OWC,MEMORY_AND_STORAGE,148.87,4.4,88,1,317771,McAuley-Lab Amazon Reviews 2023/Electronics metadata
B076CCZVTT,IOGEAR Wireless HDMI Ultra Long-Range Computer/Projector Audio Video Transmitter Extender,IOGEAR,WORKSTATION_AND_PC,172.77,4.6,5,5,125886,McAuley-Lab Amazon Reviews 2023/Electronics metadata
B076P4QC8J,AB5512HX-G00 DC12V 0.19A Blower fan Server Cooling Fan 5.5cm 2wire 2pin,Z.N.Z,SERVER_AND_ACCELERATOR,9.88,4.2,7,5,84523,McAuley-Lab Amazon Reviews 2023/Electronics metadata
B0779DFVKH,Lancher 60-Pack M6 x 16mm Screws and Cage Nuts for Server Shelf Cabinets Rack Mount 1U 2U 6U 12U Rack Screw cage nut - Black,Lancher,SERVER_AND_ACCELERATOR,14.99,4.7,845,5,155582,McAuley-Lab Amazon Reviews 2023/Electronics metadata
B077HM967B,Fancy Buying New Laptop Battery for Dell Precision M4800 M6600 M6800 FV993 FJJ4W PG6RC 7DWMT JHYP2 K4RDX 9-Cell 11.1V 7800mAh,Fancy Buying,THERMAL_AND_POWER,29.88,4.0,50,5,513751,McAuley-Lab Amazon Reviews 2023/Electronics metadata
B077SKWTXL,"Dell Inspiron 13 5000 13.3 Inch Touch Screen 1TB HDD 2-in-1 Laptop (Intel Core i3-7100U, 4GB RAM, Full HD Display) Grey",Dell,OTHER_COMPUTE,177.8,3.8,48,0,378307,McAuley-Lab Amazon Reviews 2023/Electronics metadata
B078863NXQ,"Omnihil 15 Feet AC Power Cord Cable Compatible with CYBERPower PC Gamer Ultra GUA520 Gaming Desktop, Compatible Part",OMNIHIL,WORKSTATION_AND_PC,12.96,4.0,5,6,60699,McAuley-Lab Amazon Reviews 2023/Electronics metadata
B0788WGHQ1,HMT42GR7AFR4C-RD HYNIX 16GB (1X16GB) 2Rx4 PC3-14900R DDR3-1866 Memory RAM,Hynix,MEMORY_AND_STORAGE,17.99,5.0,4,0,250678,McAuley-Lab Amazon Reviews 2023/Electronics metadata
B079H26319,"Elgato Thunderbolt 2 Dock with 50 cm Thunderbolt Cable, 20Gb/s, 4K Support, 2X Thunderbolt 2, 3X USB 3.0, Audio Input and Output, Gigabit Ethernet, Aluminum Chassis (Renewed)",Elgato,NETWORKING,89.95,4.3,6,6,2002,McAuley-Lab Amazon Reviews 2023/Electronics metadata
B07B7GFGZ9,"DOMISO 11 - 11.6 Inch Waterproof Laptop Sleeve Canvas with Back Handle Tablet Protective Case Bag for 11.6"" MacBook Air / Microsoft Surface Pro 5, 4, 3 / ASUS / Acer / Lenovo / Dell / HP , Dark Grey",DOMISO,OTHER_COMPUTE,11.99,4.7,457,5,109149,McAuley-Lab Amazon Reviews 2023/Electronics metadata
B07BRLZSJ5,"(2) Mackie CR3 3"" Studio/Computer/Podcast Podcasting Reference Monitors Speakers",Mackie,WORKSTATION_AND_PC,119.99,4.5,29,0,152331,McAuley-Lab Amazon Reviews 2023/Electronics metadata
B07CW3YN6S,G.SKILL 32GB (4 x 8GB) TridentZ RGB Series DDR4 PC4-34100 4266MHz Desktop Memory Model F4-4266C17Q-32GTZR,G.Skill,MEMORY_AND_STORAGE,338.31,4.8,5,0,12437,McAuley-Lab Amazon Reviews 2023/Electronics metadata
B07CZ42G6F,"Samsung PM981 Polaris 512GB M.2 NGFF PCIe Gen3 x4, NVME Solid State Drive SSD, OEM (2280) MZVLB512HAJQ-00000",SAMSUNG,MEMORY_AND_STORAGE,69.99,4.2,71,5,127040,McAuley-Lab Amazon Reviews 2023/Electronics metadata
B07GCRL4F4,"HP EliteBook 840 G2 14-inch Laptop, Core i7-5600U 2.6GHz, 8GB Ram, 500GB SSD, Windows 10 Pro 64bit (Renewed)",HP,MEMORY_AND_STORAGE,204.98,2.6,5,0,90261,McAuley-Lab Amazon Reviews 2023/Electronics metadata
B07JWG5G2H,"Lenovo Flex 5 Laptop, 15.6"" Touchscreen, Intel Core i7, 8GB Memory, 256GB SSD, Windows 10 Home",Lenovo,MEMORY_AND_STORAGE,879.8,4.3,15,1,25962,McAuley-Lab Amazon Reviews 2023/Electronics metadata
B07K2XDDH3,"Deity V-Mic D3 Pro Super-Cardioid Directional Shotgun Microphone with Rycote Shockmount for DSLRs, Camcorders, Smartphones, Tablets, Handy Recorders, Laptop and Bodypack Transmitters",Deity,OTHER_COMPUTE,139.0,4.4,426,5,140348,McAuley-Lab Amazon Reviews 2023/Electronics metadata
B07M8BFRCT,"Sintech 28Pin to PCI-e Adapter Card,Compatible for SSD from MacBook Air(2013-2017) and MacBook PRO(Late 2013-2015) (with Fan)",Sintech,MEMORY_AND_STORAGE,14.99,3.8,16,5,18858,McAuley-Lab Amazon Reviews 2023/Electronics metadata
B07P61JC4N,ASURION 4 Year Laptop Protection Plan ($800 - $899.99),ASURION,OTHER_COMPUTE,146.99,4.5,1659,5,316300,McAuley-Lab Amazon Reviews 2023/Electronics metadata
B07P8WMN14,"Rebuild Skills UL Approved 6 Feet Universal Computer Monitor Power Cord, C13 Power Cable for Monitor, PC, Desktop, Printer, Scanner 18 AWG GA NEMA 5-15P to IEC13 (5 Pack)",REBUILD SKILLS,WORKSTATION_AND_PC,24.95,4.8,233,5,672227,McAuley-Lab Amazon Reviews 2023/Electronics metadata
B07PJYZ4MS,Fully AS15B3N Replacement Laptop Battery Compatible with Acer Predator G9-591 G9-592 G9-791 G9-792 GX-791 Series Notebook KT.00803.004 4ICR19/66-2 - 14.8V 88.8Wh 6000mAh,Fully,OTHER_COMPUTE,44.98,5.0,5,5,424198,McAuley-Lab Amazon Reviews 2023/Electronics metadata
B07RF8BXYB,Cable Matters Computer Power Cord Splitter (NEMA 5-15P to 2X IEC C13) - 15 Feet,Cable Matters,WORKSTATION_AND_PC,15.49,4.7,250,5,271671,McAuley-Lab Amazon Reviews 2023/Electronics metadata
B07SF4Y169,"150W Watt 19.5V 7.7A AC Adapter Charger Compatible Fit for HP ZBook 15 G3 G4,HP ZBook Studio G3 G4,HP ZBook 15u G3 G4,HP OMEN 15, OMEN x by HP Laptop ADP-150XB B Power Supply Connector 4.5mm x 3.0mm",DTDR,THERMAL_AND_POWER,32.99,4.2,21,5,8698,McAuley-Lab Amazon Reviews 2023/Electronics metadata
B07SK7883Z,"SimYoung USB to SATA, USB 3.0 to SATA III Hard Drive Adapter Cable w/UASP Compatible for 2.5 inch HDD and SSD",SimYoung,MEMORY_AND_STORAGE,8.99,4.0,7,5,354804,McAuley-Lab Amazon Reviews 2023/Electronics metadata
B07SQGRHY9,"Sony ILCE-7M3K/B a7III Full Frame Mirrorless Camera with 2 Lens Kit SEL2870 FE 28-70 mm F3.5-5.6 OSS + SEL50F18F FE 50mm F1.8 Bundle with 2X 64GB Memory, Deco Gear Case and Accessories (15 Items)",Sony,MEMORY_AND_STORAGE,2099.0,4.4,136,5,610150,McAuley-Lab Amazon Reviews 2023/Electronics metadata
B07SWFGJM4,"HP 17-by1061st 17.3"" Laptop, Intel 8th Generation i3-8145U, 8GB DDR4 Memory, 1TB HDD, Win 10 Home",HP,MEMORY_AND_STORAGE,599.99,4.3,83,5,597159,McAuley-Lab Amazon Reviews 2023/Electronics metadata
B07SY4H128,"BOSS Audio Systems Elite BE1600.4 4 Channel Car Amplifier - 1600 Watts, Full Range, Class AB, 2-8 Ohm Stable, Mosfet Power Supply, Bridgeable",BOSS Audio Systems,THERMAL_AND_POWER,129.99,4.2,303,8,136325,McAuley-Lab Amazon Reviews 2023/Electronics metadata
B07T1BCQ2X,New Ac Adapter Fit for ASUS FX705GE FX705GD FX505 FX505GD FX505GE FX505GD FX505DY FX705GD FX505GM GX531GM-DH74 GL703GM TUF705GD Laptop Power Supply Charger Cord,YHYTECH,THERMAL_AND_POWER,29.9,4.0,19,5,688396,McAuley-Lab Amazon Reviews 2023/Electronics metadata
B07VSHRJDV,UL Listed 65W AC Charger Fit for Dell Inspiron 15 7506 P97F003 2-in-1 Laptop Power Adapter Supply Cord,Dexpt,OTHER_COMPUTE,25.99,4.4,47,5,470388,McAuley-Lab Amazon Reviews 2023/Electronics metadata
B07W97TYBC,PK Power AC DC Adapter Cord for simplehuman Trash Sensor Can Power Supply Battery Charger,PKPOWER,THERMAL_AND_POWER,13.99,5.0,3,5,147555,McAuley-Lab Amazon Reviews 2023/Electronics metadata
B07WG9Z35W,"Viotek LinQ 16 Inch Touchscreen Portable Monitor – Full HD 1080P Thin IPS Panel w/Built in Speakers, (2X) USB Type C, (1x) HDMI Mini, (1x) 3.5mm Port - for Laptop, Tablet or Smartphone (P16CT)",Viotek,OTHER_COMPUTE,324.29,4.2,354,7,354054,McAuley-Lab Amazon Reviews 2023/Electronics metadata
B07X3H6RV8,"Lenovo 2019 Thinkpad E590 15.6"" HD Business Laptop (Intel Quad Core i5-8265U, 32GB DDR4 RAM, 256GB PCIe NVMe M.2 SSD + 2TB HDD) Type-C, HDMI, Ethernet, Webcam, Windows 10 Pro",Lenovo,MEMORY_AND_STORAGE,1299.0,3.2,5,5,685589,McAuley-Lab Amazon Reviews 2023/Electronics metadata
B07Y46NHFX,iodd Mini USB 3.0 256-bit Secure encrypted SSD Drive (256GB),iodd,MEMORY_AND_STORAGE,133.0,4.3,513,5,94447,McAuley-Lab Amazon Reviews 2023/Electronics metadata
B07YXCBVWX,Samsung M474A2K43BB1-CTD 16GB DDR4 2666MHZ PC4-21300 ECC SODIMM 2Rx8 Replacement Memory Upgrade by NEMIX RAM,NEMIX RAM,MEMORY_AND_STORAGE,63.95,4.8,16,5,391950,McAuley-Lab Amazon Reviews 2023/Electronics metadata
B07Z4JPJP2,"Small Power Strip with USB, PowerPort Cube with 3 Outlets and 3 USB Ports, Portable Design, 5.5 Ft Extension Cord, Cruise Travel, Desktop Multi-Plug Outlet, Child Protectors Compact Socket, Black",Duvik,WORKSTATION_AND_PC,13.99,4.6,754,5,670680,McAuley-Lab Amazon Reviews 2023/Electronics metadata
B07ZS1WZVY,KODAK PIXPRO AZ421 Astro Zoom 16MP Digital Camera with 42x Optical Zoom (Black) Bundle with 32GB SD Memory Card and Holster Bag (3 Items),KODAK,MEMORY_AND_STORAGE,229.99,4.0,54,5,442303,McAuley-Lab Amazon Reviews 2023/Electronics metadata
B083B8B27H,AC 100-240V to DC 12V 2A Power Supply Adapter with 4 Way Splitter Cable for Security Camera DVR Led Strip UL Listed FCC,Security-01,THERMAL_AND_POWER,13.99,4.4,93,5,405802,McAuley-Lab Amazon Reviews 2023/Electronics metadata
B084MH81HK,"KOTTO Multi-Use Electric Computer Duster Dryer Air Pump Dust Blower, High Pressure Electric Air Duster, Computer Cleaner Blower, Keyboard Cleaner, Electronic Devices, PC Cleaner and Laptop Cleaner",KOTTO,WORKSTATION_AND_PC,40.99,4.5,616,5,230804,McAuley-Lab Amazon Reviews 2023/Electronics metadata
B084VG3G6B,"SUPER REAL The #1 Cooler with Speakers on Amazon. 20-Watt Bluetooth Speakers for Parties/Festivals/Boat/Beach. Rechargeable, Works with iPhone & Android (Blue, 2023 Edition)",SUPER REAL,THERMAL_AND_POWER,89.0,4.3,84,5,471040,McAuley-Lab Amazon Reviews 2023/Electronics metadata
B0858RM2MK,OUWEE L17L3PE0 Laptop Battery Compatible with Lenovo Yoga 730-15IWL Yoga 730-15IKB Series Notebook L17C3PE0 5B10Q39196 5B10Q39197 11.4V 51.5Wh 4520mAh,OUWEE,OTHER_COMPUTE,49.99,3.7,3,5,317525,McAuley-Lab Amazon Reviews 2023/Electronics metadata
B085GHC54L,BC-144N Desktop Charger for ICOM IC-V82 IC-V8 IC-T3H BP-209N BP-210N IC-A6 IC-A24 IC-F4GT IC-F30GT IC-F11,AICANFLY,WORKSTATION_AND_PC,25.99,2.7,9,3,304707,McAuley-Lab Amazon Reviews 2023/Electronics metadata
B085X1JF47,"Acer Chromebook 15 C910-C453 (15.6-inch HD, Intel Celeron, 4GB, 16GB SSD) (Renewed)",Acer,MEMORY_AND_STORAGE,82.99,2.3,4,5,354063,McAuley-Lab Amazon Reviews 2023/Electronics metadata
B086BR3RJG,180W UL Listed AC Charger Fit for Asus Rog Zephyrus G G15 G14 GA502DU GA502D GA502 GA502IU GA502I GA401I GA401Q GA401IV GA401IU GA401 GA401IH GA401II GA401IVC GA401QEC Gaming Laptop Power Supply Cord,Superer,THERMAL_AND_POWER,59.99,4.2,76,5,121701,McAuley-Lab Amazon Reviews 2023/Electronics metadata
B0875J77YB,KingSener X240 6.34Ah/72WH 68+ Laptop Battery for Lenovo ThinkPad L450 L460 L470 T440 T440S T450 T450S T460 T460P T470P T550 T560 W550S X250 X260 X270 45N1125 45N1126 45N1127 45N1128 11.22V,KingSener,OTHER_COMPUTE,55.98,3.2,10,5,225281,McAuley-Lab Amazon Reviews 2023/Electronics metadata
B0882LN6XR,"DELL OptiPlex 3020 SFF PC Desktop Computer, Intel i5-4570, 8GB RAM 500GB HDD, Windows 10 Pro, New 23.6 Inch FHD V7 LED Monitor, New 16GB Flash Drive, Wireless Keyboard & Mouse, DVD, WiFi (Renewed)",Dell,MEMORY_AND_STORAGE,219.99,3.9,193,5,180585,McAuley-Lab Amazon Reviews 2023/Electronics metadata
B088M4TTLQ,"Ethernet Adapter Compatible for Samsung Galaxy Tab A 10.1 (2019), Tab A7, Tab S4, Tab S5e Android Tablet - with 3-Port Charging OTG HUB, Host USB C Cable",Smays,NETWORKING,11.99,4.3,77,5,60301,McAuley-Lab Amazon Reviews 2023/Electronics metadata
B089K33F2W,"Laptop Bag for Women,ChaseChic Waterproof Classic Teacher's Tote Bag 15.6in Computer Work Bags for Women with Luggage Strap",Chase Chic,WORKSTATION_AND_PC,36.99,4.6,287,7,67421,McAuley-Lab Amazon Reviews 2023/Electronics metadata
B08B5SJ4ML,"2Pack USB Charger with 10ft Power Cable for Wyze Cam,Eufy Cam,Arlo Essential Spotlight,Blink,KasaCam,Furbo Dog,Netvue,Yi Camera,Simpliisafe,Oculus Go,Nest Cam. 2-Pack Power Supply kit",Ingers,THERMAL_AND_POWER,17.95,4.0,63,5,649373,McAuley-Lab Amazon Reviews 2023/Electronics metadata
B08BLFHLZ8,"Outdoor Ethernet Cable 50 ft, Aifxt Cat 8 Ethernet Cable Heavy Duty High Speed LAN Network Cable 26AWG Ethernet Cables 40Gbps 2000Mhz with Gold Plated RJ45 Connector, Weatherproof, UV Resistant",Aifxt,NETWORKING,15.99,4.6,30,5,622080,McAuley-Lab Amazon Reviews 2023/Electronics metadata
B08C6RTW5K,Kodak 32GB UHS-II U3 V90 Ultra Pro SDHC Memory Card - Up to 300MB/s Read Speed and 270MB/s Write Speed,KODAK,MEMORY_AND_STORAGE,57.05,4.7,147,5,188003,McAuley-Lab Amazon Reviews 2023/Electronics metadata
B08CMQP21M,"Outtag 12W Universal AC Adapter 3V-12V AC to DC Adapter 100-240v 50-60hz Multi Voltage Switching Power Supply Replacement for Household Electronics Routers CCTV IP Cameras, 8 Tips",Outtag,NETWORKING,13.99,4.3,226,5,436234,McAuley-Lab Amazon Reviews 2023/Electronics metadata
B08DHKJTG5,"HP 2022 15.6"" FHD Laptop Computer, AMD Ryzen 5-5500U Processor(Beats Intel i7-1065G7), 32GB RAM, 1TB PCIe SSD, AMD Radeon Graphics, HD Webcam, Bluetooth, Wi-fi, Win 11, Blue, 32GB USB Card",HP,CPU_AND_PROCESSOR,1299.0,4.5,8,0,80609,McAuley-Lab Amazon Reviews 2023/Electronics metadata
B08G8WR41N,Deal4GO GPU Cooling Fan w/CPU Fan Replacement for MSi GS63 GS63VR GS73VR GS62 MS-16K2 MS-16K3 MS-16K4 MS-16K5 MS-17B1 MS-17B2 BS5005HS-U2F1 BS5005HS-U2L1,Deal4GO,GPU_AND_GRAPHICS,40.95,4.0,29,5,27639,McAuley-Lab Amazon Reviews 2023/Electronics metadata
B08HLL8V9L,OUWEE C21N1807 Laptop Battery Compatible with Asus C223NA-1A C223NA-1B ChromeBook C223NA-DH02 GJ0025 VivoBook E12 E203NA-FD020TS FD048T FD088T FD026T Series C21PiCH 0B200-03040000 7.7V 38Wh 4940mAh,OUWEE,OTHER_COMPUTE,49.99,4.3,4,5,382402,McAuley-Lab Amazon Reviews 2023/Electronics metadata
B08HT1JJWN,CLUCI Womens Backpack Purse Leather 15.6 Inch Laptop Large Travel Business Vintage Shoulder Bags,CLUCI,OTHER_COMPUTE,169.99,4.4,664,9,3734,McAuley-Lab Amazon Reviews 2023/Electronics metadata
B08JX4BQ4T,Brevite Jumper Photo Compact Camera Backpack: A Minimalist & Travel-Friendly Photography Backpack Compatible with Both Laptop & DSLR Accessories 18L (Green),BREVITE,OTHER_COMPUTE,169.99,4.5,510,5,52603,McAuley-Lab Amazon Reviews 2023/Electronics metadata
B08L4JTC79,OUWEE L19C4PC1 Laptop Battery Compatible with Lenovo Legion 5P-15IMH05 Legion 5-15IMH05 5-15ARH05 Series L19C4PC0 5B10W86196 L19M4PC0 5B10W86195 L19M4PC1 5B10W86192 5B10W86194 15.4V 80Wh 5335mAh,OUWEE,OTHER_COMPUTE,66.99,3.7,15,5,148968,McAuley-Lab Amazon Reviews 2023/Electronics metadata
B08L4RLS1N,65W 45W for Lenovo USB C Charger AC Power Cord Laptop Adapter for Lenovo 500e C330 S330 N23 ThinkPad P51S T480 T480s T580 T580s E480 E580 Yoga A485 T490S T590 C930 C940 AC Adapter Power Supply Cord,I IBACASE,THERMAL_AND_POWER,13.99,4.2,69,5,189410,McAuley-Lab Amazon Reviews 2023/Electronics metadata
B08NB3TV1B,defean DIY RIG600 Ear Pads Replacement Potein Leather Memory Foam Cushion Pillow Parts Cover Compatible with Plantronics RIG 600 Gaming Headset,Defean,MEMORY_AND_STORAGE,12.99,3.9,11,5,273508,McAuley-Lab Amazon Reviews 2023/Electronics metadata
B08P3JJHVS,"BorlterClamp 32GB USB Flash Drive Cute Cartoon Rainbow Cloud Model Memory Stick, Gift for Students and Children",BORLTER CLAMP,MEMORY_AND_STORAGE,9.98,4.6,255,5,307815,McAuley-Lab Amazon Reviews 2023/Electronics metadata
B08P4F6D5M,"SHARDEN Precision Screwdriver set, 124 in 1 with 110 Bits Magnetic Screwdriver Kit, Professional Electronics Repair Tool Kit for Tablet, Computer, Laptop, PS4, PC, iPhone, Xbox, Game Console (red)",Sharden,WORKSTATION_AND_PC,19.99,4.7,340,5,64410,McAuley-Lab Amazon Reviews 2023/Electronics metadata
B08PKN85DZ,1 Pcs Upgrade SATA Adapter Hard Disk Adapter Board for PS2 Hard Network Adapter,OUVISLITE,NETWORKING,29.59,4.8,8,5,554345,McAuley-Lab Amazon Reviews 2023/Electronics metadata
B08RMTQHKL,"Laptop Tote Bag for Women 17.3 Inch Laptop Bag Waterproof Nylon Teacher Bag Work Bag with USB Charging Port Computer Tote Bag Briefcase Large Capacity Handbag Satchel Shoulder Bag(17.3 inch, Black)",TANTO,WORKSTATION_AND_PC,35.99,4.6,2222,5,93165,McAuley-Lab Amazon Reviews 2023/Electronics metadata
B08T974NF3,"EMART Camera Backpack with Removable Padded Dividers and Rain Cover, Camera Bag for SLR DSLR Mirrorless, Waterproof Camera cases for Sony Canon Nikon, Tripod, 13"" Laptop (Only Camera Backpack)",EMART,OTHER_COMPUTE,33.99,4.6,176,5,665491,McAuley-Lab Amazon Reviews 2023/Electronics metadata
B08T9BYR2X,"Lenovo 2021 Flagship IdeaPad S340 Laptop 15.6"" FHD IPS Anti-Glare Display 10th Gen Intel Quad-Core i7-1065G7 8GB DDR4 256GB SSD Webcam Dolby Backlit Keyboard Win 10 + HDMI Cable",Lenovo,MEMORY_AND_STORAGE,679.0,4.3,10,5,312345,McAuley-Lab Amazon Reviews 2023/Electronics metadata
B08TGLSP5N,"HP Pavilion 15 Business Laptop Computer, 10th Gen Intel Core i5-1035G1, 15.6"" HD IPS Touchscreen, 32GB RAM, 1TB SSD, Win 10 Pro, Wi-Fi 5, Bluetooth, Webcam, B&O Audio, HDMI | 32GB USB Card",HP,MEMORY_AND_STORAGE,753.62,3.9,51,4,299040,McAuley-Lab Amazon Reviews 2023/Electronics metadata
B08Y99RRK9,"HP Z240 Tower Computer Workstation PC, Intel Core i5 6600 3.3GHz Processor, 16GB DDR4 Ram, 1TB SSD, HDMI, WiFi | Bluetooth, Nvidia GeForce GT 1030 2GB DDR5, Windows 10 Pro (Renewed)",HP,CPU_AND_PROCESSOR,398.64,5.0,3,6,224920,McAuley-Lab Amazon Reviews 2023/Electronics metadata
B08YDFQ196,"GeIL EVO X II DDR4 RAM, 16GB (8GBx2) 3600MHz 1.35V XMP2.0, Intel/AMD Compatible, Long DIMM High Speed Desktop Memory, Hardcore Immersive Gaming/Multimedia Content Creation/Quality Live Streaming",GeIL,MEMORY_AND_STORAGE,46.99,4.8,94,5,496002,McAuley-Lab Amazon Reviews 2023/Electronics metadata
B092L948LP,"VIVO Steel Universal Full Motion Pole Mount Laptop Holder Arm with Removable 75mm and 100mm VESA Plate, Fits 10 to 15.6 inch Laptops, Black, MOUNT-PL1A-LAP3",VIVO,OTHER_COMPUTE,49.99,4.6,164,5,626118,McAuley-Lab Amazon Reviews 2023/Electronics metadata
B092ZDW9WB,97WH T54FJ M5Y0X E5420 E6420 Laptop Battery Compatible with Dell Latitude E6430 E6440 E5520 E5530 E6520 E5420 E5430 E6420 E6530 Inspiron 4420 5420 5425 7420 7520 N4420 N4720 N5420 M421R M521R 2P2MJ,Uziyockn,OTHER_COMPUTE,38.99,4.5,35,5,566083,McAuley-Lab Amazon Reviews 2023/Electronics metadata
B093SM9Y6C,"TZT 23.5"" Portable Laptop Desk,Laptop Stand for Bed with USB Charge Port, Laptop Desk for Bed,Multi-Function Notebook Stand for Working, Reading (Gray)",TZT,OTHER_COMPUTE,36.99,4.5,77,6,613338,McAuley-Lab Amazon Reviews 2023/Electronics metadata
B0947H7YBJ,"Dell OptiPlex 7010 USFF Computer Desktop PC, Intel i5 3.2GHz, 8GB Ram, 250GB Hard Drive, WiFi & Bluetooth, Wireless Keyboard and Mouse, 24 Inch FHD Monitor, Webcam, Windows 10 (Renewed)",Dell,MEMORY_AND_STORAGE,155.0,4.0,35,0,250328,McAuley-Lab Amazon Reviews 2023/Electronics metadata
B094MXPBCQ,"Laptop Stand, Lightweight Portable Foldable Lifting Computer Stand, Plastic 6-Angle Adjustable Laptop Stand, Ergonomic, Light and Strong, Suitable for MacBook Air Pro, Dell, and All Brand laptops",BULL-TECH,WORKSTATION_AND_PC,16.99,3.8,131,5,475199,McAuley-Lab Amazon Reviews 2023/Electronics metadata
B094QWMWWX,"GDQLCNXB Metal 200mm PC Computer Fan Grill Mounting Finger Guard Protection Cover,Pack of 2",GDQLCNXB,WORKSTATION_AND_PC,8.29,4.7,8,5,57761,McAuley-Lab Amazon Reviews 2023/Electronics metadata
B09531CLBR,"CyberPowerPC - Gamer Supreme Gaming Desktop - AMD Ryzen 7 3700X - 16GB Memory - AMD Radeon RX 6700 XT - 1TB SSD + 1TB HDD - Wins 10 Home with SKYPC Gaming Bundle (2021 Model), black",Cyber,CPU_AND_PROCESSOR,1099.99,3.9,61,8,356802,McAuley-Lab Amazon Reviews 2023/Electronics metadata
B095NPPHBC,"Ethernet Splitter, AKWOR RJ45 1 Male to 2 Female LAN Ethernet Cable Splitter Suitable Super Cat5, Cat5e, Cat6, Cat7 LAN Ethernet Socket Connector Adapter…",AKWOR,NETWORKING,10.89,3.5,687,5,555306,McAuley-Lab Amazon Reviews 2023/Electronics metadata
B097DPHM3W,"Android Carplay Radio for Ford Escape 2008-2012/Mazda Tribute 2008-2012,Android 11.0 Octa Core 2G RAM 32G ROM Support Bluetooth 5.0 Steering Wheel Control Mirror Link EZoneTronics",EZoneTronics,MEMORY_AND_STORAGE,229.99,3.8,10,5,581502,McAuley-Lab Amazon Reviews 2023/Electronics metadata
B097N9H41S,"BEBLAU SHIFT PRO Adhesive Portable Tech Organizer for laptops, backpack | Computer Accessories, Office & Home, External HD holder, Stick-On to Laptop School Students - BIRTHDAY GIFT | Reusable | PINK",Beblau,WORKSTATION_AND_PC,49.99,4.9,18,5,180308,McAuley-Lab Amazon Reviews 2023/Electronics metadata
B099ZXDG4N,"NEZINI Car Dash Cam, Dashboard Camera Recorder with 32GB Memory Card, FHD 1080P, 3"" LCD Screen, Driving Recorder with Sony Video Sensor, Parking Mode, 150° Angle, Loop Recording, Night Vision, WDR",Nezini,MEMORY_AND_STORAGE,48.99,4.0,427,5,437473,McAuley-Lab Amazon Reviews 2023/Electronics metadata
B09B8SMMGY,"Mission Darkness Dry Shield Faraday Laptop Sleeve // Slim Waterproof Bag for Laptop Computers, RF Shielding Liner, Felt Padding, Magnetic Roll Closure, Signal Blocking, Anti-Hacking, Data Security",Mission Darkness,WORKSTATION_AND_PC,115.0,4.8,28,5,679043,McAuley-Lab Amazon Reviews 2023/Electronics metadata
B09BDVWL39,"Hp Zbook 15 G4 Business Laptop, 15.6 in FHD (1920 x 1080), Intel Core i7-7820HQ, 16GB RAM, 512GB SSD SSD, n Vidia Quadro M2000M, Webcam, Windows 10 Pro (Renewed)",HP,MEMORY_AND_STORAGE,490.97,4.6,3,3,295577,McAuley-Lab Amazon Reviews 2023/Electronics metadata
B09BF1PRW4,UpBright 15V AC/DC Adapter Compatible with Anker Soundcore Trance A3393 A3393011 AK-A3393011 AKA3393011 Mega A3392 A3392H11 Outdoor Bluetooth Waterproof Wireless Speaker Power Supply Battery Charger,UPBRIGHT,THERMAL_AND_POWER,29.99,3.9,13,2,694160,McAuley-Lab Amazon Reviews 2023/Electronics metadata
B09BHJYJNM,ppker 13-ay Case for HP Envy X360 13 (13-ay0000) 13-bd 13m-bd 13-ay 13-ba Series 13.3 Inch Laptop Cover Detachable Design Notebook Sleeve with Pen Holder (Wine red),ppker,OTHER_COMPUTE,49.99,4.2,11,1,334070,McAuley-Lab Amazon Reviews 2023/Electronics metadata
B09BKY32L3,"CCRE Upgraded Softer Ear Pads for Virtuoso RGB Wireless, Virtuoso RGB Wireless SE, Virtuoso RGB Wireless XT - Deeper Memory Foam Use Space (Black)",CCRE,MEMORY_AND_STORAGE,12.99,3.9,34,5,231911,McAuley-Lab Amazon Reviews 2023/Electronics metadata
B09CDLMNMF,"Deca core 10.1"" Inch TYD Tablet Google Android 10, 4G LTE Dual SIM, 4GB RAM 64GB Storage, 1920 1200 Full HD IPS Touchscreen,Dual Camera, WiFi/WLAN/Bluetooth/GPS TYD-109 (64GB, Silver)",TenYiDe,MEMORY_AND_STORAGE,128.88,3.3,66,5,666376,McAuley-Lab Amazon Reviews 2023/Electronics metadata
B09DFYR2VZ,"Newest Lenovo IdeaPad 3 14 Business Laptop, Intel Pentium Silver N5030 Processor, 14"" HD Display, 4GB RAM, 128GB SSD, Wi-Fi, Webcam, HDMI, Windows 10 Home | 32GB Tela USB Card",Lenovo,CPU_AND_PROCESSOR,249.0,3.8,12,4,238063,McAuley-Lab Amazon Reviews 2023/Electronics metadata
B09DNPVR64,"Corsair Vengeance LPX 32GB (2x16GB) DDR4 3600MHz C16 Desktop Memory (High Performance Overclocking, Pure Aluminum Heatspreader, Custom Performance PCB) Black",Corsair,MEMORY_AND_STORAGE,99.99,4.5,105,4,24015,McAuley-Lab Amazon Reviews 2023/Electronics metadata
B09F4L3YLW,"YESMINI Kids Headphones, Foldable, Adjustable Headband with 3.5mm Jack, Volume Limited Safe, Lightweight On-Ear Earphones for Children Boys Girls’ Cellphones Laptop Computer Mp3/4 (Blue)",YESMINI,WORKSTATION_AND_PC,12.99,4.6,103,5,439790,McAuley-Lab Amazon Reviews 2023/Electronics metadata
B09F6P71G3,"G1/4"" Inline PC Water Cooling Flow Meter, Temperature/Flow/Speed OLED Display Digital Coolant Flow Indicator with Alarm for Desktop PC Water Cooler System",Acogedor,WORKSTATION_AND_PC,56.38,3.8,23,5,580519,McAuley-Lab Amazon Reviews 2023/Electronics metadata
B09GLKL7J7,"RJ45 Network 1 to 2 Port Ethernet Adapter Splitter, RJ45 1 Male to 2 Female LAN Ethernet Splitter Adapter Cable Suitable Super Cat5, Cat5e, Cat6, Cat7 LAN Ethernet Socket Connector Adapter-Purple",ukiism,NETWORKING,8.89,3.7,32,5,380811,McAuley-Lab Amazon Reviews 2023/Electronics metadata
B09H8RCFYV,"HP Pavilion 15.6"" FHD Laptop, AMD Ryzen 5 5500U (Beats i7-11370H), 16GB RAM, 512GB PCIe NVMe M.2 SSD, Thin & Portable, Micro-Edge & Anti-Glare, Long Battery Life, Win10, Rose Gold (2021 Latest Model)",HP,CPU_AND_PROCESSOR,639.0,3.3,19,8,142637,McAuley-Lab Amazon Reviews 2023/Electronics metadata
B09J5C7TLX,"HP EliteDesk 800G1 Business Desktop Computer, Intel Quad Core i5, 8GB DDR3 RAM, 240GB SSD, DVD-ROM, Windows 10 Home, RGB Speakers (Renewed)",HP,MEMORY_AND_STORAGE,158.97,4.6,3,5,573316,McAuley-Lab Amazon Reviews 2023/Electronics metadata
B09KBY3T8V,"YINHANG Chromebook Case Laptop Sleeve Compatible with 11-13 Inch MacBook Notebook Computer Tablet, Protective Padded Polyester Carrying Bag Cover with PU Handle Strap Pocket for Men Women, Black",YINHANG,WORKSTATION_AND_PC,18.99,4.6,35,5,636219,McAuley-Lab Amazon Reviews 2023/Electronics metadata
B09PRPNRG1,"AKHARA USB C Hub to HDMI Adapter for Mac, USB C Dongle HDMI for MacBook Pro/Air, USB C Laptops Docking Station Multiport Adapter with 3 USB Ports and PD Charging Port, for XPS, Surface and More",AKHARA,OTHER_COMPUTE,19.99,4.6,18,5,533980,McAuley-Lab Amazon Reviews 2023/Electronics metadata
B09Q5RLG67,"MOSISO Monitor Dust Cover 22, 23, 24, 25 inch Anti-Static Dustproof LCD/LED/HD Panel Case Computer Monitor Cover Sleeve Compatible with iMac 24 inch, 22-25 inch PC, Desktop and TV Marble MO-MBH216",MOSISO,WORKSTATION_AND_PC,15.99,4.1,52,5,541733,McAuley-Lab Amazon Reviews 2023/Electronics metadata
B09QJW6CCC,"Cat7 Outdoor Ethernet Cable, 10GBPS Shielded Durable High Speed Internet LAN Cable, RJ45, Waterproof and Direct Burial, 300 Feet",MAXLIN CABLE,NETWORKING,89.99,4.1,38,5,244850,McAuley-Lab Amazon Reviews 2023/Electronics metadata
B09S64J8M9,"ASUS VivoBook Go Flip 14"" HD Touch 2-in-1 Ultra-Light Laptop, Intel Celeron N4500, UHD Graphics, 4GB RAM, 64GB eMMC, NumberPad, Microsoft 365 1-Year, WiFi, Bluetooth, HDMI, Webcam, Win11 S",ASUS,OTHER_COMPUTE,289.99,4.3,33,5,556341,McAuley-Lab Amazon Reviews 2023/Electronics metadata
B09SG7MV7P,Laptop Bag for Women 15.6 Inch Laptop Tote Bags Waterproof Computer Teacher Work Briefcase Large Capacity Leather Handbag Office Business Shoulder Bag 2PCs Set Black Flower Pattern,Dakuly,WORKSTATION_AND_PC,34.99,4.7,515,5,652816,McAuley-Lab Amazon Reviews 2023/Electronics metadata
B09V551XLX,"D-WOLVES Pike Fish Fishing Backpack, Travel Laptop Backpack for Youth Teens Boys Girls, College School Bag Student Bookbag Cool Daypack, Perfect for Outdoor Camping Trip Hiking Holiday",D-WOLVES,OTHER_COMPUTE,19.99,4.2,37,6,434300,McAuley-Lab Amazon Reviews 2023/Electronics metadata
B09X8L9DJ2,"Thermaltake Reactor 380 Liquid-Cooled PC (AMD Ryzen 7 5800X, RTX 3080, 16GB 3600Mhz DDR4 RGB ToughRAM, Seagate FireCuda 520 NVMe 1TB, WiFi, Win 10 Home) Gaming Desktop Computer TW1B-B550-R38-LCS",Thermaltake,CPU_AND_PROCESSOR,1899.99,3.6,92,5,68854,McAuley-Lab Amazon Reviews 2023/Electronics metadata
B09YVTTFZC,"Hyundai - 256GB Micro SD Card - Fast, High Speed for - Nintendo Switch - Phone - Tablets - Laptop - Camera and More - UHS-1, 95MB/s, U3, 4K, Ultra HD, A1, V30 (MicroSDXC) - SDC256GU3",HYUNDAI,NETWORKING,21.99,4.5,204,5,657272,McAuley-Lab Amazon Reviews 2023/Electronics metadata
B09Z81FT89,Wathai Pcl Slot Fan 90mm 92mm Fans Brushless Cooling Fan for VGA Graphic Card Cooler,Wathai,THERMAL_AND_POWER,22.99,4.1,407,5,112890,McAuley-Lab Amazon Reviews 2023/Electronics metadata
B09ZLM7XD5,"USB C Hub 5 in 1 USB c Adapter to USB and HDMI, Aluminum Alloy USB c Dock Multiport Dongle for Laptop/MacBook Air/Pro/Android Phone, Type C Docking Station w Usb3.0 & PD100w Charging Port",Marmoin,OTHER_COMPUTE,26.99,5.0,3,5,357410,McAuley-Lab Amazon Reviews 2023/Electronics metadata
B0B126TLTT,"Alifetmx Rolling Laptop Case for Women, Premium Rolling Travel Luggage Bag Fits Up to 15.6 Inch Laptop Carry on Briefcase Water-Proof Overnight Rolling Computer Bags",Alifetmx,WORKSTATION_AND_PC,74.97,4.2,44,5,158638,McAuley-Lab Amazon Reviews 2023/Electronics metadata
B0B135GBZ9,We R Memory Keepers Shotbox- Photography Equipment,American Crafts,MEMORY_AND_STORAGE,89.99,3.6,12,5,66685,McAuley-Lab Amazon Reviews 2023/Electronics metadata
B0B1K9R9B8,"Acer Aspire 3 Laptop, 17.3 inch Full HD IPS Display, 11th Gen Intel Core i5-1135G7 (Beats i7-1065G7), Intel Iris Xe Graphics, Compact Design, Long Battery Life, 8GB RAM, 512GB SSD, Windows 11",acer,MEMORY_AND_STORAGE,699.0,4.2,24,5,398579,McAuley-Lab Amazon Reviews 2023/Electronics metadata
B0B1TZ8B5D,"Video Conference Lighting for Laptop&Computer, Webcam Light for Streaming, Zoom Lighting for Computer, 3 Light Modes, 10 Brightness Adjustable, Metal Tripod for Self Broadcast,Live Streaming",Ronims,WORKSTATION_AND_PC,29.99,4.2,102,5,112386,McAuley-Lab Amazon Reviews 2023/Electronics metadata
B0B34XVW5L,"Dell 2022 Newest Inspiron 7700 All-in-One Business Desktop, 27"" FHD IPS Display, Intel Core i7-1165G7 Processor, 32GB RAM, 1TB SSD, Wi-Fi 6, HDMI, Webcam, Wireless KB&Mouse, Windows 11 Pro, Black",Dell,CPU_AND_PROCESSOR,1089.0,4.4,57,5,451852,McAuley-Lab Amazon Reviews 2023/Electronics metadata
B0B41Z9YGD,"XPPen Artist 16 2nd Graphics Drawing Tablet with Screen Full-Laminated Tilt Battery-Free Stylus 10 Shortcut Keys, Compatible with Windows, Mac, Linux, Chromebook and Android 15.4 inch Pen Display",XP-PEN,OTHER_COMPUTE,379.99,4.2,566,10,121113,McAuley-Lab Amazon Reviews 2023/Electronics metadata
B0B488MSTG,"Apple MacBook Pro M2 Chip (13-inch, 16GB RAM, 256GB SSD Storage) - Space Gray (2022 Model) - Z16R0005S",Apple,MEMORY_AND_STORAGE,1474.99,4.7,27,4,563276,McAuley-Lab Amazon Reviews 2023/Electronics metadata
B0B48M3J99,"Security-01 DC 9V 2A Power Supply Adapter, Plug 5.5mm x 2.1mm,9 Volt 200mA Power Adapter Supply 18 Watt (2 Amp)",Security-01,THERMAL_AND_POWER,9.99,4.4,38,5,702564,McAuley-Lab Amazon Reviews 2023/Electronics metadata
B0B53FZD34,"MOSISO Laptop Tote Bag Compatible with MacBook, 17-17.3 inch Notebook and Chromebook,PU Leather Travel Work Briefcase with Detachable Bowknot & Small Purse, Black",MOSISO,OTHER_COMPUTE,46.99,4.5,54,5,127178,McAuley-Lab Amazon Reviews 2023/Electronics metadata
B0B56ZNWMW,Mount-It! Laptop Desk Mount | Full Motion Laptop Arm with Vented Tray | Clamp and Grommet Base,Mount-It!,OTHER_COMPUTE,29.99,4.4,111,5,294399,McAuley-Lab Amazon Reviews 2023/Electronics metadata
B0B62LNTF3,"200PCS Gothic Stickers, Black Goth Decal Vinyl Waterproof Sticker Black Girl Stickers for Computer Skateboard Guitar Water Bottle Bike Decal",OXIVE,WORKSTATION_AND_PC,8.99,4.4,45,5,95943,McAuley-Lab Amazon Reviews 2023/Electronics metadata
B0B68RJ928,Giwawa Firefighter Flag Backpacks Travel Laptop Daypack Book Bags for Teens Men Women,Giwawa,OTHER_COMPUTE,33.99,4.4,54,2,532768,McAuley-Lab Amazon Reviews 2023/Electronics metadata
B0B6CTVPWQ,"Dilwe 7 Ports PCIE to USB 3.2 HUB, PCIE Expansion Card, 5Gbps External Controller PCI Express Extender Adapter Card for Desktop Win XP, 7, 8, 10,11",Dilwe,WORKSTATION_AND_PC,25.24,3.3,4,5,575514,McAuley-Lab Amazon Reviews 2023/Electronics metadata
B0B9J453M8,"Amazon Fire HD 8 Kids Pro tablet, 8"" HD display, ages 6-12, 30% faster processor, 13 hours battery life, Kid-Friendly Case, 32 GB, (2022 release), Cyber Blue",Amazon,CPU_AND_PROCESSOR,149.99,4.6,2561,8,193050,McAuley-Lab Amazon Reviews 2023/Electronics metadata
B0B9LSZZ66,"ASUS ROG Gaming Desktop, AMD Ryzen 5 3600X Processor, NVIDIA GeForce GTX 1660Ti, 64GB RAM, 2TB SSD Wi-Fi, Bluetooth, Windows 10, Bundle with JAWFOAL",ASUS,CPU_AND_PROCESSOR,787.0,4.3,11,5,278158,McAuley-Lab Amazon Reviews 2023/Electronics metadata
B0BBL13L33,"TEAMGROUP MP34 4TB with DRAM SLC Cache 3D NAND TLC NVMe 1.3 PCIe Gen3x4 M.2 2280 Internal SSD (Read/Write Speed up to 3,500/2,900 MB/s) Compatible with Laptop & PC Desktop TM8FP4004T0C101",TEAMGROUP,MEMORY_AND_STORAGE,189.99,4.6,3662,5,6848,McAuley-Lab Amazon Reviews 2023/Electronics metadata
B0BCPNFHX3,EWAY Tailgate Handle Backup Camera for 2002-2008 Dodge RAM 1500 2500 3500 Rear View Reversing Backing Parking Cameras for Aftermarket Display Vehicle Safety Night Vision W/ 26FT Extension RCA Harness,EWAY,MEMORY_AND_STORAGE,74.99,4.4,110,5,370969,McAuley-Lab Amazon Reviews 2023/Electronics metadata
B0BDR97Y29,"DAILY&DIARY Travel backpack, Carry On Backpack for Men Women 40L Traveling Backpack Flight Airline Approved 15.6 Inch Waterproof Laptop Backpack with USB Charging Port, Grey",DAILY&DIARY,OTHER_COMPUTE,29.99,4.6,18,5,84215,McAuley-Lab Amazon Reviews 2023/Electronics metadata
B0BFVPNTRH,"4 Port HDMI + DisplayPort KVM Switch Dual Monitor, UHD 4K@60Hz, KVM Switch 2 Monitors 4 Computers with 4 USB 2.0 Hub, Keyboard Video Mouse Peripherals Switcher for 4 PCs Dual Monitors",Arkidyn Plus,NETWORKING,139.99,4.0,87,5,435315,McAuley-Lab Amazon Reviews 2023/Electronics metadata
B0BG23XF5C,"C YECEN Echo Dot 4th&5th Generation Table Stand Desktop Holder Mount for Echo Dot 4th&5th Gen, Base Bracket with Light Guide, Echo Dot Accessories with Built-in Cable Management,Twilight Blue",C YECEN,WORKSTATION_AND_PC,15.99,4.6,304,5,174402,McAuley-Lab Amazon Reviews 2023/Electronics metadata
B0BHRTDRFP,"HAMTYSAN 10.1'' Raspberry Pi Screen Touchscreen Monitor 1024×600 HDMI Computer Monitor FHD IPS LCD Laptop Monitor for Raspberry Pi 4/3/2/Zero/B/B+ Jetson Nano Win11/10/8/7, Driver Free",HAMTYSAN,WORKSTATION_AND_PC,79.99,4.2,16,5,243734,McAuley-Lab Amazon Reviews 2023/Electronics metadata
B0BLBL9ZFK,"HP Pavilion 27” All-in-One Desktop, AMD Ryzen 7 5700U, 16 GB RAM, 256 GB SSD & 1 TB Hard Drive, Full HD Touchscreen, Windows 11 Home, 5 USB Ports, 5MP Pop-up Camera, Keyboard & Mouse (27-ca0070, 2021)",HP,CPU_AND_PROCESSOR,1312.0,4.6,72,10,267807,McAuley-Lab Amazon Reviews 2023/Electronics metadata
B0BM352RCD,"M.2 SSD Reader, ACASIS NVME to USB Adapter Support 10Gbps External SSD Enclosure for M.2 (M Key) NVMe SSD and (B+M Key) SSD Support Windows XP 7 8 10, MAC OS and Compatible with Thunderbolt 4/3",FREEGENE,MEMORY_AND_STORAGE,37.99,4.1,408,5,503347,McAuley-Lab Amazon Reviews 2023/Electronics metadata
B0BQVLKL8C,"256GB SD Card Flash Memory Class 10 High Speed Security Digital Memory Card for Vloggers, Filmmakers, Photographers and Other SD Card Devices(256GB)",nuiflash,MEMORY_AND_STORAGE,17.63,4.0,22,5,220371,McAuley-Lab Amazon Reviews 2023/Electronics metadata
B0BRYZY39P,"NUROUM V15-AFL 2K Webcam with Microphone, 1080p 60FPS AutoFocus Web Camera with Adjustable Fill Light and Privacy Cover, 75°FOV Dual Microphone USB FHD Computer Camera, Plug and Play",NUROUM,WORKSTATION_AND_PC,69.99,4.1,26,5,621097,McAuley-Lab Amazon Reviews 2023/Electronics metadata
B0BTBTFRNK,"Eyoyo 9 Inch Small Monitor, 1024x600 16:9 IPS HDMI Monitor Support HDMI/VGA/AV/BNC Input with Remote Control & Built-in Speakers, Security Monitor for Computer Raspi CCTV Camera Car",Eyoyo,WORKSTATION_AND_PC,79.99,4.2,942,5,322300,McAuley-Lab Amazon Reviews 2023/Electronics metadata
B0BTCPM88J,Auto Backup Adapter 256GB Auto-Photo-Backup-Cube for iPhone-Photo-Stick iPad-Backup-Storage Device Photos-Download-iPhone-Data-Transfer-Memory Backup on Charging Flash Drive for iPhone/iPad/Android,PL ZMPWLQ,MEMORY_AND_STORAGE,75.99,4.0,97,5,647923,McAuley-Lab Amazon Reviews 2023/Electronics metadata
B0BXP45D23,"AGSDON Laptop Backpack, 16 Inch School Bag College Bookbag, Anti Theft Daypack Bags and Lunch Bag Set, Water Resistant Backpacks for Teens Boys Men Students(Black)",AGSDON,OTHER_COMPUTE,29.99,4.6,117,5,116263,McAuley-Lab Amazon Reviews 2023/Electronics metadata
B0BXRY4QZ5,"Powered USB Hub, Rosonway 7-Port USB 3.2/USB C Hub with 10Gbps USB-A 3.2, 2 USB-C 3.2, 4 USB 3.0 Ports, Individual Switches and 12V Power Adapter, Aluminum USB Port Expander for Laptop/PC, RSH-A107C",Rosonway,NETWORKING,32.99,4.8,31,5,136882,McAuley-Lab Amazon Reviews 2023/Electronics metadata
B0BYD7PGV1,seenda Wired Mouse - USB Computer Mouse Wired with RGB Backlit Optical LED Mouse with Attached USB Cord for Laptops Notebooks Chromebook - Rose Gold,seenda,WORKSTATION_AND_PC,9.99,4.5,163,5,135835,McAuley-Lab Amazon Reviews 2023/Electronics metadata
B0BYQ2MSH4,"X RAY Expandable Roll Top Waterproof Trendy Backpack With Laptop Pocket, One Size, Grey",X RAY,OTHER_COMPUTE,39.99,4.5,480,5,307231,McAuley-Lab Amazon Reviews 2023/Electronics metadata
B0BZ1835DQ,HP ProDesk Desktop RGB Lights Computer Intel Core i5 6500 3.2 GHz 8GB RAM 256GB SSD Win 10 Pro Gaming PC Keyboard & Mouse (Renewed),HP,MEMORY_AND_STORAGE,129.45,4.2,2608,5,227450,McAuley-Lab Amazon Reviews 2023/Electronics metadata
B0BZ8RTTS4,"VKAROOD Mouse Jiggler Undetectable Mouse Mover Device with Timer, ON/Off Switch, Breathing Light Mouse Wiggler for Prevent Computer Laptop Screen Sleep (Black)",VKAROOD,NETWORKING,19.94,4.6,155,5,37469,McAuley-Lab Amazon Reviews 2023/Electronics metadata
B0C1G7Q2C2,"Rechargeable Wireless WisFox Ultra Slim Computer Keyboard Mouse Combo, Full Size Silent Keyboard and Mouse for Laptop, Computer and Desktop, Surface, Mac and Windows 10/8/7",WisFox,WORKSTATION_AND_PC,26.99,4.3,281,6,646508,McAuley-Lab Amazon Reviews 2023/Electronics metadata
B0C2HBGBLP,Small Mens Full Grain Leather Backpack for Men Purse Vintage 14 Inch Laptop Bag Business Work Hiking Daypack Brown Rucksack,Masa Kawa,OTHER_COMPUTE,99.0,4.4,90,5,464236,McAuley-Lab Amazon Reviews 2023/Electronics metadata
B0C4Z8YMJV,"6.8” Double Din Car Stereo Kit for Dodge RAM Truck Dash Kit, Touch Screen Radio, Apple CarPlay, Android Auto, Bluetooth, Rear Camera Input, Dash Kit, Antenna Adapter (Black 2006-2008 RAM Truck)",STINGER,MEMORY_AND_STORAGE,329.0,3.9,9,7,155822,McAuley-Lab Amazon Reviews 2023/Electronics metadata
B0C594S27K,"TEROW PoE Switch, 10 Port Gigabit Ethernet Network Switch( 8 PoE+ Port with 2 Extra Uplink Port), 802.3af/at Compliant | Plug & Play | Shielded Ports | Traffic Optimization | Fanless Quiet",TEROW,NETWORKING,39.99,4.5,185,6,161935,McAuley-Lab Amazon Reviews 2023/Electronics metadata
B0C5R3VWWR,"iDsonix 2.5 inch Hard Drive Enclosure, 6Gbps USB C 3.1 to SATA III Tool-Free External Hard Drive Enclosure for 7mm/9mm 2.5"" SSD HDD with UASP Compatible with Toshiba Samsung WD Black(PW25-1C3)",IDSONIX SMART INTERACTIVE,MEMORY_AND_STORAGE,9.99,4.4,122,5,107735,McAuley-Lab Amazon Reviews 2023/Electronics metadata
B0C61XW574,"ROOTOMA USB C Charger, PD 30W Desktop Charger, 7-in-1 USB Charging Station, Surge Protector Power Strip with 3 Outlets, 4 USB Ports for MacBook Laptops iPhone Samsung Fast Charging 5 Feet Cord",ROOTOMA,WORKSTATION_AND_PC,29.99,4.6,512,5,53087,McAuley-Lab Amazon Reviews 2023/Electronics metadata
B0C6968DSX,"SABLUTE Wireless Keyboard with 7 Colored Backlits, Wrist Rest, 2.4G Computer Lighted Keyboard with Phone Holder, Rechargeable Full Size Ergonomic Keyboard with Silent Keys for MacBook, PC, Laptop",SABLUTE,WORKSTATION_AND_PC,39.99,4.2,318,7,674496,McAuley-Lab Amazon Reviews 2023/Electronics metadata
B0C8NPHXB1,"KEFEYA Laptop Screen Extender, Portable Monitor for Laptop 12"" Full HD IPS Display, Dual Monitor Extender Compatible with 13-16 Inch Windows, Chrome & Mac",KEFEYA,OTHER_COMPUTE,186.0,4.6,439,5,608273,McAuley-Lab Amazon Reviews 2023/Electronics metadata
B0C9CKKCD6,"3 Pack Webcam Cover Slide, 0.027 inch Ultra-Thin Metal Magnet Web Camera Cover for MacBook Pro iMac iPhone PC Laptop iPad Pro Surface Pro Echo Show Camera Blocker Slider, Protect Your Visual Prvacy",Peyigg,OTHER_COMPUTE,15.99,3.9,500,5,438878,McAuley-Lab Amazon Reviews 2023/Electronics metadata
