quote_id,quote_date,sku_id,title,market,customer_tier,quantity,list_price_usd,unit_cost_usd,pred_q10,pred_q50,pred_q90,recommended_unit_price,expected_margin_pct,confidence_score,decision,reason_codes,accepted_unit_price_usd,quote_won,cluster_id
Q-000144890,2025-10-24 20:00:00,B00D7BYMB2,"AMD Athlon Multi Core Processor AD760KWOHLBOX, 760K Richland 3.8GHz Socket FM2 100W",IE,strategic,12,29.97,15.697929359803696,22.176888,24.449503,28.589165,24.45,0.3579578993945319,0.5190965,MANUAL_REVIEW,STRATEGIC_ACCOUNT,25.272568519085244,True,0
Q-000124685,2025-10-25 05:00:00,B09182RG4C,"65W USB C Laptop Charger-Chromebook Charger Replacement for 45W Lenovo Thinkpad-Yoga-Chromebook,HP Acer Asus Samsung Mac book pro Dell Chromebook 3100 Latitude xps 13 Google Series Fast Charger Type c",FR,mid_market,4,11.99,7.947709487728392,10.590934,11.495013,13.7190695,11.5,0.3088948271540529,0.5064526,MANUAL_REVIEW,LOW_CONFIDENCE,12.340342644932626,True,1
Q-000130875,2025-10-25 06:00:00,B00B9U8BZ6,Linksys WET610N Dual-Band Wireless-N Ethernet Bridge,FR,channel,1,91.21,51.82221970801112,70.39607,81.96904,89.811005,81.97,0.3677904146881649,0.55314106,AUTO_APPROVE,ALL_GUARDRAILS_PASS,83.69938010229774,True,3
Q-000121657,2025-10-26 18:00:00,B086JHQMFK,65W 45W Ac Adapter Charger for Lenovo IdeaPad S145 S340 S540 710s 710 510s 510 310 110 100 100s/YOGA 710 Flex 4 5 6 Series Flex 4 1470 1580 GX20K11838 ADLX65CLGU2A Laptop Power Supply Adapter Cord,NL,mid_market,120,16.97,10.879152873426415,12.352488,13.192907,16.787796,13.92,0.2184516613917803,0.43150675,MANUAL_REVIEW,LOW_CONFIDENCE,12.65017775979816,True,1
Q-000149558,2025-10-26 23:00:00,B0C3SNVPC1,"OEM HP ProBook 455 G8 Notebook PC 15.6” FHD IPS, AMD Ryzen 5 5600U Hexa Core (Beats Intel i7-1255U), 16GB RAM, 512GB NVMe, W10P Business Laptop",DE,mid_market,5,679.95,373.9989747935296,477.54996,638.07996,689.8056,638.08,0.4138682065046239,0.4353441,MANUAL_REVIEW,LOW_CONFIDENCE,629.545560778162,True,3
Q-000117996,2025-11-01 09:00:00,B0055OW68U,Charger for Samsung Notebook 9 Series Laptop: UL Listed Long Power Cord AD-4019A AD-4019P Np900x Ultrabook PA-1400-24 AD-4019SL Galaxy View Tablet SM-T670 T677 Tab 540U 900X 940X Chromebook 3 XE500C13,UK,channel,2,22.99,15.630324674613956,19.666325,21.76908,24.968193,21.77,0.2820245900498871,0.54396194,MANUAL_REVIEW,LOW_INVENTORY,21.574126301173045,True,1
Q-000170161,2025-11-01 22:00:00,B095ZJ8QQQ,Seasonic FOCUS Plus 650 Platinum SSR-650PX 650W 80+ Platinum ATX12V & EPS12V Full Modular 120mm FDB Fan Compact 140 mm Size Power Supply,UK,mid_market,4,176.36,105.2887933262913,139.10744,170.07863,184.32831,170.08,0.3809454766798489,0.51442504,AUTO_APPROVE,ALL_GUARDRAILS_PASS,185.03561613314872,True,1
Q-000053327,2025-11-02 00:00:00,B08R3T2DD8,"Keyboard Cover Skin for 2020 Lenovo Flex 3 Chromebook/Lenovo 2-in-1 Convertible Chromebook 11.6"", Lenovo Chromebook 11.6 Laptop Accessories,Ombre Purple",UK,channel,1,9.59,6.520183728799119,8.589146,9.256324,10.96722,9.26,0.2958764871707214,0.52608955,MANUAL_REVIEW,LOW_INVENTORY,10.832022622194554,True,0
Q-000011299,2025-11-02 04:00:00,B07Q4BF9YM,"Dasaita 9"" Android 10.0 Car Stereo Head Unit 4G RAM 64G ROM for Subaru Forester XT Impreza WRX 2008 2009 2010 2011 2012 Radio Touch Screen GPS Navigation Dash Built in DSP Bluetooth -Compatible",UK,channel,2,448.98,297.493289783472,325.39627,426.00333,450.89035,426.0,0.3016589441702535,0.47880498,MANUAL_REVIEW,LOW_CONFIDENCE,473.3860244897554,True,2
Q-000131758,2025-11-02 04:00:00,B07JLMLKJH,"Aux Cord – 3.5mm Audio Cable – 8ft – Designed in Germany with Break-Proof Metal Plug (Headphone Cable & aux Cable for iPhone/car/Laptop, Auxiliary Cord, 3.5mm Male to Male, Nylon) – by CableDirect",UK,mid_market,8,8.99,6.660657506485769,8.222613,8.839509,10.540585,8.84,0.2465319562798903,0.51914537,AUTO_APPROVE,ALL_GUARDRAILS_PASS,,False,1
Q-000170967,2025-11-02 07:00:00,B07R8CHD5Y,ALITOVE 24V 5A 120W Power Supply Universal Regulated Switching Transformer Adapter AC110V to DC 24V 5amp Converter Driver for LED Strip Light CCTV Camera Security System,UK,mid_market,10,17.99,11.655381735932078,16.323128,18.269606,21.014746,18.27,0.3620480713775545,0.5262401,MANUAL_REVIEW,LOW_INVENTORY,18.655747157003788,True,0
Q-000150501,2025-11-02 08:00:00,B08PTZ5JCG,MoCA 2.5 with 2 Gigabit Ethernet Ports - Ethernet Over Coaxial Adapter (Model: TL-MC84) (Three Pack),UK,channel,4,179.99,102.06151933375024,136.30444,167.83856,186.22859,167.84,0.3919118247512497,0.4753835,MANUAL_REVIEW,LOW_CONFIDENCE,181.9158333783387,True,3
Q-000162699,2025-11-02 09:00:00,B071XNH5BC,Sapphire 11266-09-20G Radeon Nitro+ Rx 570 8GB GDDR5 Dual HDMI/ DVI-D/ Dual DP with Backplate (UEFI) PCI-E Graphics Card,UK,channel,17,79.5,51.29491526302216,62.449738,74.39397,80.83824,74.39,0.3104595340365351,0.5390519,MANUAL_REVIEW,LOW_INVENTORY,,False,2
Q-000033672,2025-11-02 17:00:00,B0791KWJH9,GladsBuy Evening Eiffel Tower View from Balcony 8' x 8' Computer Printed Photography Backdrop Balcony Landscape Theme Background ZJZ-041,UK,mid_market,4,59.99,39.95118300337876,50.084007,57.447174,64.223366,57.45,0.3045921148236944,0.5404679,AUTO_APPROVE,ALL_GUARDRAILS_PASS,,False,4
Q-000114453,2025-11-02 17:00:00,B0C6B4TZX8,"USB WiFi 6 Wireless Adapter for PC, QGOO AX1800 USB 3.0 WiFi Dongle Dual Band 5Ghz/2.4Ghz High Gain Dual 5dBi Antennas 802.11ax MU-MIMO Wireless Network Adapter for Desktop Laptop Windows 11/10/7",UK,channel,13,38.99,18.226020905047275,30.298372,34.572334,39.533447,34.57,0.4727792622202119,0.51283133,AUTO_APPROVE,ALL_GUARDRAILS_PASS,36.96038761818084,True,1
Q-000088517,2025-11-03 02:00:00,B074NBG4WL,"EDO Tech 5V 3A Rapid Wall Charger AC Adapter Cord for RCA Galileo Pro 11.5"" Maven Pro 11.6"" Voyager 7 7"" Viking Pro ii iii 10.1"" Cambio Atlas 10 Tablet Laptop (6-1/2' Long Cord)",UK,channel,5,13.0,7.788574078096177,11.282695,12.393781,14.61794,12.39,0.3713822374417936,0.51029515,MANUAL_REVIEW,LOW_INVENTORY|LOW_CONFIDENCE,13.847918770334838,True,1
Q-000155816,2025-11-03 14:00:00,B004XCWPTK,"Dell Latitude D830 15.4"" Laptop (Intel Core 2 Duo 2.2Ghz, 160GB Hard Drive, 4096Mb RAM, DVD/CDRW Drive, XP Profesional)",UK,mid_market,3,138.97,87.69568311257147,109.523994,132.55133,141.34897,132.55,0.3383954499240176,0.54868066,AUTO_APPROVE,ALL_GUARDRAILS_PASS,143.79224157374938,True,3
Q-000112850,2025-11-03 18:00:00,B0002D02GW,"Pignose PA7 Power Supply,Black",CH,enterprise,15,24.99,14.865672923907152,19.713858,21.866756,25.8012,21.87,0.320271013996015,0.49859622,MANUAL_REVIEW,LOW_CONFIDENCE,22.039190096742846,True,1
Q-000150303,2025-11-03 22:00:00,B0BKRKN84H,NEWQ External Hard Drive for Phone Backup 1TB Storage Space HDD USB Flash Photo Stick Memory Expansion Device for Transfer Photo & Video on iPhone | Andriod | Computer | iPad | Mac | Apple (Green),UK,mid_market,3,149.0,110.87672673728623,121.8991,150.62906,160.68129,150.63,0.2639133855321898,0.5253606,MANUAL_REVIEW,LOW_INVENTORY,154.22555693770593,True,3
Q-000097750,2025-11-03 23:00:00,B09MM9NKVP,"BERLINER BAGS Premium Leather Backpack Lille, Laptop Bag and Travel Rucksack for Men Women - Black One Size",NL,mid_market,216,149.99,107.3414506763336,102.12556,121.128845,132.3357,130.9,0.1799736388362597,0.53605825,MANUAL_REVIEW,FINANCIAL_POLICY,,False,0
Q-000111441,2025-11-04 05:00:00,B09PR7R17P,"kimtigo 2.5"" Internal SSD 256GB, 3D NAND Solid State Drive, SATA III 6Gb/s 2.5 inch 7mm (0.28”), Read up to 500MB/s",UK,mid_market,3,14.99,10.103730984427736,13.400707,14.645254,17.106647,14.65,0.3103255300731921,0.53119934,AUTO_APPROVE,ALL_GUARDRAILS_PASS,,False,1
Q-000068469,2025-11-04 14:00:00,B07B8LG1BR,"QIOUZW PA5185U-1BRS Laptop Battery for Toshiba Satellite C55 C55D C55T S55 S55T L55 C50-B L55T L55D C55-B C55-B5200 C55-B5299 C55-B5300 C55-B5302 E45-B4100,P/N: PA5184U-1BRS PA5195U-1BRS PA5186U-1BRS",DE,channel,3,25.99,18.183962499107583,21.247065,23.48994,27.29188,23.49,0.2258849510809883,0.52553374,AUTO_APPROVE,ALL_GUARDRAILS_PASS,26.304903716347187,True,1
Q-000087345,2025-11-05 02:00:00,B0C1ZC8CFP,JUANWE 10 Pack 16GB Flash Drive 3.0 USB Thumb Drive Retractable Slide Memory Sticks for Computers Bulk USB Jump Drive Data Storage Pen Drive Blue,IE,mid_market,59,37.99,27.28647747910952,30.36751,33.411148,40.03909,33.41,0.183284122145779,0.48496473,MANUAL_REVIEW,LOW_CONFIDENCE,31.72846218501107,True,1
Q-000000010,2025-11-05 02:00:00,B09BYQFPRL,ppker 15-eg Case for HP Pavilion Laptop 15-eg 15-eh Series Envyx360 15-ED 15-EE 15.6 inch Cover Bracket Design Detachable Protective Skin Sleeve (deep Grey),ES,mid_market,1,65.99,48.78177862014912,55.478832,64.09449,71.1039,64.09,0.2388550691192211,0.54364747,AUTO_APPROVE,ALL_GUARDRAILS_PASS,69.42790765706124,True,4
Q-000001378,2025-11-05 02:00:00,B07QVYD62S,FATTYDOVE Micro SD Card 64GB Microsd Card Class 10 UHS-I High Speed SDXC Memory Card with Adapter for HD Tablet/Kids Edition Tablet(64GB-U1),UK,channel,5,9.99,6.850967365782175,8.427583,9.092038,11.040044,9.09,0.2463182215861193,0.48756212,MANUAL_REVIEW,LOW_CONFIDENCE,8.974533927583904,True,1
Q-000132021,2025-11-05 16:00:00,B0C2CWRXZY,"Mini PC Windows 11 Pro, Lightweight 11th Intel N5105 Mini Computers(Turbo 2.9GHz), Ultra Thin Extensible 8GB RAM 256GB SSD Micro Desktop Computers,4K HDMI Dual Display, Dual WiFi Business/Home/Office",BE,channel,10,249.27,169.7364484946726,184.03726,223.0145,238.2791,223.01,0.2388841375065127,0.54440993,AUTO_APPROVE,ALL_GUARDRAILS_PASS,242.5857553287676,True,1
Q-000102232,2025-11-05 16:00:00,B09Z8MGB32,"Asiahorse FS-9001 Pwm Rgb Case Fans, 3 Pack Gery 120mm Pc Fan,Quiet Computer Fan for PC case and CPU Cooler, 5V ARGB Motherboard SYNC/RC Controller,Diy Colorful Mode Adjustable with Fan Control Remote",UK,mid_market,92,22.37,13.64734278726377,17.841436,21.068064,24.156721,21.07,0.3522855819998211,0.47265443,MANUAL_REVIEW,LOW_INVENTORY|LOW_CONFIDENCE,20.38387293365978,True,4
Q-000024947,2025-11-06 00:00:00,B083B8B27H,AC 100-240V to DC 12V 2A Power Supply Adapter with 4 Way Splitter Cable for Security Camera DVR Led Strip UL Listed FCC,UK,channel,22,13.99,8.512880004123671,11.619166,12.826145,15.10493,12.83,0.3364863597721222,0.50690824,MANUAL_REVIEW,LOW_CONFIDENCE,12.675305605388388,True,1
Q-000095754,2025-11-06 06:00:00,B0BX66KH7G,"novonest GPU Support Bracket,Graphics Card GPU Brace Support Video Card Sag Holder/Holster Bracket,Black,Vertical GPU Mount,Anodized Aerospace Aluminum,GH02BK",FR,channel,5,8.99,4.869319036744327,7.5969663,8.221611,10.080057,8.22,0.4076254213206415,0.46998712,MANUAL_REVIEW,LOW_CONFIDENCE,7.96620705788757,True,1
Q-000069529,2025-11-06 09:00:00,B005IUFJXK,"CLAA140WB11A NEW 14.0"" Glossy LED LCD HD Laptop Screen CLAA140WB11 (or compatible model)",UK,channel,10,29.18,20.400529587133867,24.781002,27.65038,31.412302,27.65,0.2621869950403664,0.54904944,MANUAL_REVIEW,LOW_INVENTORY,29.824287152538133,True,4
Q-000155656,2025-11-06 17:00:00,B00J29BR3Y,Samsung Memory 32GB Evo MicroSDHC UHS-I Grade 1 Class 10 Memory Card with SD Adapter,FR,mid_market,10,29.0,17.78153305196376,25.190683,27.825548,31.977924,27.83,0.3610660060379533,0.543458,AUTO_APPROVE,ALL_GUARDRAILS_PASS,28.03966608387741,True,1
Q-000034597,2025-11-07 00:00:00,B0B9ZLVGJ4,"UCTRONICS Upgraded Ethernet and Power for Raspberry Pi Zero, Micro USB to Ethernet/PoE Adapter for Fire TV Stick, Chromecast, Google Mini, Wyze Cams and More, IEEE 802.3af Compliant",UK,mid_market,70,19.99,10.874451657888985,14.894416,16.445784,20.986242,16.45,0.3389391089429189,0.39611652,MANUAL_REVIEW,LOW_CONFIDENCE,17.340182154627445,True,4
Q-000016477,2025-11-07 00:00:00,B0BGN6TCGL,"2023 Newest WiFi Extender, Repeater, Booster, Covers Up to 8640 Sq.ft and 40 Devices, Internet Booster - with Ethernet Port, Quick Setup, Home Wireless Signal",UK,channel,3,19.98,11.163525585796434,16.270601,17.931557,21.065664,17.93,0.3773828451870366,0.51246494,AUTO_APPROVE,ALL_GUARDRAILS_PASS,,False,1
Q-000086685,2025-11-07 03:00:00,B001II2MRC,DulCo 141 0246 Compushade Laptop Visor,DE,channel,11,27.95,19.241457912437195,22.943705,25.238983,29.209772,25.24,0.2376601460999526,0.5375822,AUTO_APPROVE,ALL_GUARDRAILS_PASS,26.072865115506914,True,4
Q-000061982,2025-11-07 11:00:00,B0C48B7HRS,"7-Port USB 3.0 Hub ORICO Ultra-Slim Data USB Splitter, for Laptop, PC, MacBook, Mac Pro, Mac Mini, iMac, XPS, Xbox, Flash Drive, Surface Pro and More USB Devices",UK,channel,2,15.99,10.347957292375904,13.231526,14.484168,17.078514,14.48,0.285362065443653,0.5147887,AUTO_APPROVE,ALL_GUARDRAILS_PASS,13.832474655588936,True,1
Q-000102286,2025-11-07 13:00:00,B07HK9XJH5,AISIBO DC Cooling Fan Brushless Fan Computer Fan Case 5 inch Ball Bearing Exhaust Fan 12025 120mmx120mm x25mm (DC12V 0.33A),UK,mid_market,3,8.99,6.119147000863071,8.5526085,9.118301,10.771968,9.12,0.3290408990281719,0.5441718,MANUAL_REVIEW,LOW_INVENTORY,,False,0
Q-000122105,2025-11-08 00:00:00,B013WBIW3K,"Olympus WS-853 Digital Voice Recorder - 4.1 cm (1.6"") LCD - 8 GB Flash Memory",UK,channel,17,108.99,73.1692729006167,86.55237,102.16028,113.710236,102.16,0.2837776732515984,0.5144846,AUTO_APPROVE,ALL_GUARDRAILS_PASS,,False,4
Q-000147306,2025-11-09 09:00:00,B07SQ2F25Q,DMKAOLLK A32N1405 A32LI9H Laptop Battery for Asus GL551 GL551J GL551JW GL551JW-DS71 GL551JW-DS74 GL551J-EH74 G551 G551J G551JM GL771J G771 G771J G771JW N551J N751-12 Month Warranty,DE,enterprise,6,30.99,21.276762520316737,24.755352,26.976006,31.665854,26.98,0.211387601174324,0.5270656,AUTO_APPROVE,ALL_GUARDRAILS_PASS,27.864529343817544,True,4
Q-000074221,2025-11-09 15:00:00,B096HLF9TY,"2021 Apple iMac (24-inch, Apple M1 chip with 8‑core CPU and 8‑core GPU, 8GB RAM, 512GB) - Silver (Renewed)",FR,strategic,28,1134.57,646.701443845724,729.44446,928.17865,1015.98364,928.18,0.3032585879401365,0.46219048,MANUAL_REVIEW,LOW_INVENTORY|STRATEGIC_ACCOUNT|LOW_CONFIDENCE,1014.1335925102964,True,3
Q-000100066,2025-11-10 01:00:00,B00NMBXUXI,JIUWU Motherboard 4 Ports USB 2.0 Hubs Expansion Rear Panel Header Bracket,UK,enterprise,1,12.89,8.056589398552852,10.943044,11.986325,14.191365,11.99,0.3280575981190282,0.50788224,MANUAL_REVIEW,LOW_CONFIDENCE,12.52754662711907,True,1
Q-000127086,2025-11-10 02:00:00,B0BXRYBP3S,"Compressed Air Duster,Rechargeable Electric Air Duster for Office,Good Replace Air Can,Cordless Computer Air Blower ，90000RPM Computer Keyboard Duster Cleaner with LED Light,7500mAh,3 Speed Modes",UK,channel,1,29.99,20.711854518178,24.5715,26.988255,31.109364,26.99,0.2326100586077064,0.54573536,AUTO_APPROVE,ALL_GUARDRAILS_PASS,28.45793436329607,True,4
Q-000013517,2025-11-10 04:00:00,B00PXD06TY,T POWER 5V Charger for Golds Gym 210u 230 230r 290 510 595 Nordictrack Audiorider U300 R400 Audiostrider 600 Cx650 800 Cx920 Crosstrainer Elliptical Trainer Ac Dc Adapter Power Supply,BE,enterprise,4,10.99,8.089767988449806,9.228585,9.898147,12.023607,9.9,0.1828517183384035,0.4936415,MANUAL_REVIEW,LOW_CONFIDENCE,10.124548508732143,True,0
Q-000138450,2025-11-10 07:00:00,B01DDE2W5A,"Fancy Buying Notebook Laptop Battery for Dell 3420 3520 13r 14r 15r 17r N3010 N3110 N4010 N4050 N4110 N5110 N5010 N5030 N5040 N5050 M5110 M5010 M4110 M501,P/N J1knd 4t7jn",UK,mid_market,4,19.88,15.347363955755274,17.861626,19.55179,22.486912,19.55,0.214968595613541,0.5535436,AUTO_APPROVE,ALL_GUARDRAILS_PASS,20.34312879966089,True,4
Q-000098372,2025-11-10 07:00:00,B074V79JN5,Futurebatt New 5200mAh Laptop Battery for HP Elitebook 2560p 2570p SX03 SX06 632423-001 HSTNN-DB2K,NL,mid_market,85,20.68,13.207467799132294,15.098823,16.241745,20.289417,16.96,0.2212577948624827,0.449797,MANUAL_REVIEW,LOW_CONFIDENCE,15.35752069666546,True,4
Q-000148618,2025-11-11 00:00:00,B08R29WVKZ,"supersimple Tablet Stand Holder - Space Grey - Low Profile, Aluminum, Desktop Dock, Compatible with Most Tablets iPad, Kindle, Nexus, E-Reader",UK,channel,9,14.95,9.089364253521817,12.720035,14.158746,16.47806,14.16,0.3580957448077813,0.5150188,AUTO_APPROVE,ALL_GUARDRAILS_PASS,,False,4
Q-000010757,2025-11-11 09:00:00,B00BZS9IEA,"ASUS X202E-DH31T Laptop (Windows 8, Intel Core i3-3217U 1.8 GHz Processor, 11.6"" LED Touchscreen Display, SSD: 500 GB, RAM: 4 GB DDR3) Black [OLD VERSION]",UK,mid_market,7,120.0,62.9884916772288,97.06817,114.998825,125.96617,115.0,0.4522739854154018,0.5335386,AUTO_APPROVE,ALL_GUARDRAILS_PASS,125.0661042662704,True,1
Q-000017318,2025-11-11 17:00:00,B0BGG75GR7,NYIEFADA Mouse Jiggler Undetectable Automatic Mover USB Port Shaker Wiggler for Laptop Keeps Computer Awake Simulate Mouse Movement to Prevent Computer Laptop Entering Sleep(No Software Plug),FR,channel,13,8.99,6.441433217219183,7.5941014,8.169992,10.087584,8.17,0.211574881613319,0.4662655,MANUAL_REVIEW,LOW_CONFIDENCE,8.183169203782233,True,4
Q-000061696,2025-11-11 19:00:00,B09ZHSG1XT,"MacBook Pro Docking Station Dual Monitor MacBook Pro HDMI Adapter,12 in 1 USB C Adapters for MacBook Pro Air Mac HDMI Dock Dongle Dual USB C to Dual HDMI DP Ethernet AUX 4USB SD/TF100W PD",UK,enterprise,9,65.89,43.74326865639255,51.395042,58.52783,65.918564,58.53,0.2526350819000076,0.5377464,AUTO_APPROVE,ALL_GUARDRAILS_PASS,58.37625938602294,True,1
Q-000098786,2025-11-11 22:00:00,B08KFZFJ2J,"HP Chromebook 11a-na0040nr 11-inch screen Laptop, MediaTek MT8183 4 GB RAM, 32 GB eMMC Google Chrome OS Small Computer PC Touchscreen Notebook w/ Camera Webcam, Ash Gray (Renewed)",UK,mid_market,3,154.95,116.44450232646815,127.783394,157.16423,168.19397,157.16,0.2590703593378202,0.5258138,MANUAL_REVIEW,LOW_INVENTORY,162.05549486670236,True,3
Q-000155070,2025-11-11 23:00:00,B000MNBWPM,AMD Athlon 64 X2 Dual-Core 5000+ 2.6 GHz Processor with 65-Watt Power,UK,mid_market,13,49.86,31.982635824663447,41.86169,48.420807,53.063473,48.42,0.339474683505505,0.56081975,AUTO_APPROVE,ALL_GUARDRAILS_PASS,48.23466925907723,True,4
Q-000124332,2025-11-11 23:00:00,B09V2PCTWS,"Stouchi 10K 8K HDMI Cable Fiber Optic 50ft, 48Gbps Long Ultra High Speed HDMI 2.1 Cable, CL3 Rated in-Wall, 8K 60Hz 4K 120Hz, Dynamic HDR eARC HDCP 2.2&2.3 Compatible for PS5 Desktop AMD NVIDIA HP",UK,channel,1,79.98,55.58289342006292,63.484676,75.448,83.11996,75.45,0.2633148652079136,0.52172065,AUTO_APPROVE,ALL_GUARDRAILS_PASS,76.28818772068274,True,1
Q-000080915,2025-11-12 04:00:00,B07YKJBKTS,"Unique Pattern Optical Mice Mobile Wireless Mouse 2.4G Portable for Notebook, PC, Laptop, Computer - Cute Sloth Pattern",UK,mid_market,4,14.9,10.98821222694903,13.341168,14.551859,17.114267,14.55,0.2447964105189671,0.52297795,AUTO_APPROVE,ALL_GUARDRAILS_PASS,,False,0
Q-000079435,2025-11-12 04:00:00,B08QNJQ9CF,"Dell Inspiron 15.6"" HD Laptop, Intel 4205U Processor, 8GB DDR4 Memory, 1TB HDD, Online Class Ready, Webcam, WiFi, HDMI, Bluetooth, KKE Mousepad, Win10 Home, Black (Renewed)",UK,channel,18,429.99,227.7810422115612,302.84216,384.6366,416.34955,384.64,0.4078071905897432,0.47818515,MANUAL_REVIEW,LOW_CONFIDENCE,,False,3
Q-000108468,2025-11-12 04:00:00,B077JLSF5Z,Fancy Buying New Laptop Battery for Toshiba PA5023U-1BRS PA5024U-1BRS PA5025U-1BRS PA5026U-1BRS PA5027U-1BRS PABAS259 PABAS260 PABAS261 PABAS262 PABAS263,UK,strategic,5,23.99,16.723253730591914,18.543457,20.370495,23.87629,20.37,0.1790253445953896,0.51971227,MANUAL_REVIEW,STRATEGIC_ACCOUNT,19.54132796113972,True,4
Q-000175618,2025-11-12 07:00:00,B09P3RJSRN,"Blue Gold Marble Hard Cover Compatible with MacBook Pro 13 Inch Case(Older Version 2012 2011 2010 2009 Release A1278 with CD-ROM),AMCJJ Plastic Laptop Hard Shell Case",DE,channel,2,14.86,10.744502570695508,12.571906,13.710376,16.18633,13.71,0.2163017818602839,0.5173336,AUTO_APPROVE,ALL_GUARDRAILS_PASS,12.7685333230184,True,0
Q-000097067,2025-11-12 20:00:00,B07D65BVGW,Laptop Ac Adapter Charger for Toshiba Satellite C655-S5049 PSC08U-02D01D; Toshiba Satellite C655-S5047 PSC08U-00V01E; Toshiba Satellite C55-A5286 PSCF6U-02L00C,UK,channel,1,16.99,12.343042097727125,14.663434,16.19337,18.77099,16.19,0.2376132119995599,0.53039056,AUTO_APPROVE,ALL_GUARDRAILS_PASS,15.639106873048997,True,0
Q-000173147,2025-11-13 00:00:00,B0935T7WXC,"SAMSUNG SH850 Series 24-Inch WQHD (2560x1440) Computer Monitor, Display Port, HDMI, USB-C, Height Adjustable Stand, 3 Yr WRNTY (LS24H850QFNXZA)",PT,mid_market,3,299.99,214.98132346771297,233.92139,303.84192,331.48233,303.84,0.2924522002774059,0.44810492,MANUAL_REVIEW,LOW_INVENTORY|LOW_CONFIDENCE,,False,1
Q-000173160,2025-11-13 02:00:00,B098HZHD6C,Dingsun RJ45 Coupler Female to Female Ethernet Coupler for Cat7/Cat6/Cat5/Cat5e Network Cable Extender Adapter RJ45 in Line Coupler (Black 5 Pack),BE,mid_market,6,16.99,8.738201377495695,15.233581,16.93342,19.394426,16.93,0.4838628837864326,0.54102224,AUTO_APPROVE,ALL_GUARDRAILS_PASS,,False,1
Q-000159226,2025-11-13 14:00:00,B081K7KQ8N,"SAMSUNG - 11.6"" Chromebook - Intel Atom X5-2GB Memory - 16GB eMMC Flash Memory - Night Charcoal (XE501C13-S01)",UK,channel,6,119.97,85.33612314714617,93.72872,108.73833,119.33544,108.74,0.2152278540817898,0.5550354,AUTO_APPROVE,ALL_GUARDRAILS_PASS,,False,3
Q-000158991,2025-11-14 08:00:00,B0BTYMH96D,TEAMGROUP Elite DDR4 64GB Kit (2 x 32GB) 3200MHz PC4-25600 CL22 Unbuffered Non-ECC 1.2V SODIMM 260-Pin Laptop Notebook PC Computer Memory Module Ram Upgrade - TED464G3200C22DC-S01,UK,channel,1,89.99,55.76366578264257,70.13882,80.37572,89.41548,80.38,0.3062494926269896,0.5490423,AUTO_APPROVE,ALL_GUARDRAILS_PASS,84.30527662655848,True,1
Q-000053875,2025-11-14 09:00:00,B07ZV5XQNX,"VisionTek Radeon 5450 2GB DDR3 (DVI-I, HDMI, VGA) Graphics Card - 900861,Black/Red",UK,mid_market,8,62.99,38.24415289554235,53.134247,61.969627,68.91086,61.97,0.3828602082371736,0.5291594,AUTO_APPROVE,ALL_GUARDRAILS_PASS,62.67669313794968,True,1
Q-000057654,2025-11-14 14:00:00,B01N4V204L,G.SKILL TridentZ RGB Series 16GB (2 x 8GB) 288-Pin DDR4 SDRAM DDR4 4266 (PC4 34100) Intel Z270 / Z370 / X299 Desktop Memory Model F4-4266C19D-16GTZR,UK,channel,1,144.11,88.69847605373809,108.00002,127.64536,140.484,127.65,0.3051431566491336,0.52929187,AUTO_APPROVE,ALL_GUARDRAILS_PASS,133.9707522825688,True,0
Q-000128818,2025-11-14 20:00:00,B08R6R71XX,"EMAIKER USB Type C Headphones Over Ear Headphone USB C Headset with Noise Cancelling Microphone with Mic Mute Button Audio Control, Works with PC Laptop Cell Phones",UK,channel,2,39.99,26.49482464753276,32.35349,35.934063,41.123936,35.93,0.2625988130383312,0.54325503,AUTO_APPROVE,ALL_GUARDRAILS_PASS,33.7007450727066,True,2
Q-000176171,2025-11-15 07:00:00,B094G5LD85,"EZDIY-FAB Vertical Graphics Card Holder Bracket,GPU Mount,Video Card VGA Support Kit with 20cm/7.8in PCIE 3.0 Riser Cable- White",DE,mid_market,17,39.99,24.29730211821979,33.84615,37.936134,43.19613,37.94,0.3595861328882501,0.540011,AUTO_APPROVE,ALL_GUARDRAILS_PASS,37.89590233618286,True,1
Q-000165606,2025-11-15 11:00:00,B09Y5N81SL,"huyouming Portable Monitor - 13.3"" 1080P FHD USB-C Laptop Monitor IPS HDMI Gaming Monitor - Narrow Bezel Travel Monitor with Smart Cover, Slim Computer Display External Monitor for Laptop Phone",UK,channel,1,89.95,69.58155592546886,71.23587,81.13019,90.097984,81.13,0.1423449288121673,0.55921024,AUTO_APPROVE,ALL_GUARDRAILS_PASS,,False,3
Q-000026207,2025-11-15 14:00:00,B0892HNP22,"SANFORIN Keyboard Cover for HP Envy x360 15m-bp/bq /2020 2019 HP Pavilion 15/ HP Pavilion x360 15.6” Series/HP Envy 17 17.3"" Series/HP Laptop 15t 17t 17-ca0011nr 17-by0040nr, Cat",UK,mid_market,2,8.99,6.413119285547903,8.125032,8.766052,10.532663,8.77,0.2687435250230441,0.50326675,MANUAL_REVIEW,LOW_CONFIDENCE,8.66250001198952,True,1
Q-000139412,2025-11-15 15:00:00,B08R94MYXB,"Wireless Mouse，Wireless Bluetooth Mouse for Laptop - LED Computer Mice (Bluetooth 5.1 +USB) - Rechargeable Mouse - 2.4G Portable Tpye-c Mouse - Wireless Mouse for PC, Mac OS , Android , Windows",DE,channel,25,8.99,7.382608373265098,7.9104595,8.308373,10.200572,8.39,0.1200705157014186,0.5020288,MANUAL_REVIEW,LOW_CONFIDENCE,8.202898192516775,True,1
Q-000029937,2025-11-15 16:00:00,B0B2KX1HWD,"2022 Flagship HP Pavilion 15.6"" FHD 1080P IPS Laptop, 8-Core AMD Ryzen 7-5700U (Upto 4.3GHz, Beat i7-1180G7), 32GB RAM, 1TB SSD, Webcam, WiFi 6, Long Hour Battery, Audio B&O, Win11+Accessory",FR,channel,3,841.8,483.8974097314007,571.9206,745.5327,799.59344,745.53,0.3509350264491023,0.46605253,MANUAL_REVIEW,LOW_CONFIDENCE,,False,3
Q-000125531,2025-11-16 13:00:00,B07CKFLT2H,KAYOND Casual Style Lightweight canvas Laptop Bag/Durable Travel backpacks/Rucksack for Men&Women/Fashion Backpack Fits 15 inch Notebook (navy blue),UK,channel,1,40.0,28.00019857887924,32.557972,35.852303,40.96974,35.85,0.2189623827369807,0.556239,AUTO_APPROVE,ALL_GUARDRAILS_PASS,,False,1
Q-000115461,2025-11-16 18:00:00,B0BXJBFNRT,Herschel Gibson Laptop Messenger Bag,UK,channel,170,91.7,52.81284543382579,63.559406,72.492195,89.66234,72.49,0.2714464693912843,0.4064892,MANUAL_REVIEW,LOW_INVENTORY|LOW_CONFIDENCE,82.0165424814308,True,1
Q-000125454,2025-11-17 05:00:00,B08M38YKSG,"Alfheim 15.6-16 inch Laptop Case Sleeve, Waterproof Shock-Resistant Lightweight Shoulder Bag, 360° Protective Notebook Briefcase Compatible with 16 16.2 inch Macbook Pro A1398 A2141 A2485/Surface Book",UK,channel,9,26.99,17.37975143561951,22.255566,25.228083,29.042345,25.23,0.3111473866183309,0.5104094,MANUAL_REVIEW,LOW_INVENTORY|LOW_CONFIDENCE,24.943701670678085,True,1
Q-000078097,2025-11-17 12:00:00,B078S4LG4P,Quad Core Fanless pc Qotom-Q190G4N-S07 2G ram 32G SSD Intel Celeron Processor J1900 VGA DC 12V 4X Gigabit Intel LAN Ports OPNsense Router,IE,mid_market,9,165.0,92.05992483258376,127.39196,157.13731,170.78285,157.14,0.4141534629465205,0.5014086,MANUAL_REVIEW,LOW_CONFIDENCE,190.5084155808574,True,4
Q-000095470,2025-11-17 13:00:00,B08XYZXBNJ,"Lamicall Laptop Stand, Aluminum Laptop Riser, Ergonomic Laptop Stand for Desk, Computer Notebook Stand Compatible with MacBook Air Pro, Dell XPS, HP (10-15.6'') - Silver",UK,mid_market,5,21.99,15.559935130370588,19.24976,20.976997,24.322178,20.98,0.2583443693817641,0.5463358,AUTO_APPROVE,ALL_GUARDRAILS_PASS,22.997809818844622,True,1
Q-000157517,2025-11-17 14:00:00,B0BKRKWMM4,Bevalsa Laptop Backpack 15.6 Inch Stylish College School Bag/Casual Daypacks/Work Bags/Travel Backpack for Women Men for Teens Girls Anti-Theft (Brown),NL,mid_market,1,29.99,18.4926497687302,23.415976,26.019566,30.410496,26.02,0.28929093894196,0.51066357,MANUAL_REVIEW,LOW_CONFIDENCE,,False,4
Q-000152873,2025-11-17 17:00:00,B09WWZYXJN,"Zalman IF120 Infinity Mirror ARGB 120mm Case Fans, Silent 3-Pin Addressable RGB Fans for Computer Case & Liquid Radiator, 1200RPM Smooth and Silent Fans, 55.2 CFM, Motherboard RGB SYNC (Single)",IE,strategic,173,9.99,6.686406711832116,7.3875647,7.7269664,10.29225,7.73,0.1350056000217185,0.39071056,MANUAL_REVIEW,STRATEGIC_ACCOUNT|LOW_CONFIDENCE,7.267833382426213,True,0
Q-000153859,2025-11-17 17:00:00,B00AMO7D5E,parts-quick 8GB DDR3 Memory for Lenovo Essential G585 Notebook PC3-12800S 204 pin 1600MHz SODIMM Compatible RAM Brand,UK,mid_market,5,86.99,63.31234529588606,73.94502,83.96171,93.60504,83.96,0.2459225191056924,0.5568906,MANUAL_REVIEW,COLD_START,81.81172648036025,True,4
Q-000018912,2025-11-18 05:00:00,B075LNTB4H,3D Christmas Glasses - 10 Pack Holiday Specs - Hologram Holiday Images,IE,channel,3,19.95,14.500269551309248,17.129675,19.392286,22.019278,19.39,0.2521779499066918,0.5324033,AUTO_APPROVE,ALL_GUARDRAILS_PASS,20.19744850752799,True,1
Q-000141724,2025-11-18 15:00:00,B07JLZWZV8,"LENTION Portable Pouch Case for 2.5 inch External Hard Drive, Laptop Power Adapter, Phone Charger, Wireless Mouse, Cable, Power Bank, SSD, HDD, Accessories, EVA Travel Organizer",UK,channel,174,11.19,7.928550543121485,8.820942,9.100644,11.8749895,9.1,0.1287307095470895,0.4321577,MANUAL_REVIEW,LOW_CONFIDENCE,9.570885908195793,True,4
Q-000058618,2025-11-18 16:00:00,B00IASG71K,"HP Chromebook 14 Replacement 14.0"" LED LCD Screen WXGA HD Laptop Glossy Display fits 14-q020NR,14-q010nr, 14-q070nr 40 Pin",UK,enterprise,5,70.02,48.76761179827726,55.846287,63.556824,71.20433,63.56,0.2327310919087908,0.54656243,AUTO_APPROVE,ALL_GUARDRAILS_PASS,61.75586301214993,True,4
Q-000061345,2025-11-18 19:00:00,B07W7492YC,"ANVISION 4-Pack Gigabit PoE Splitter, 48V to 12V 2A Ethernet Adapter, for Security Camera, AP, Voip and More, AV-PS12-G",UK,channel,8,37.96,20.317469888648965,29.460913,32.87414,38.025112,32.87,0.3818840922224227,0.5213744,AUTO_APPROVE,ALL_GUARDRAILS_PASS,37.575119467971504,True,4
Q-000000640,2025-11-18 20:00:00,B0744DFNLZ,"It Does not do Well to Dwell and Forget to Live Motivational Life Love Quote Clear Vinyl Printed Decal Sticker for Laptop Trackpad, Compatible with All MacBook Retina, Pro and Air",UK,channel,9,8.99,4.961969534272969,7.5987415,8.199043,10.080057,8.2,0.3948817641130525,0.46926534,MANUAL_REVIEW,LOW_CONFIDENCE,8.319357080219438,True,0
Q-000059413,2025-11-19 03:00:00,B074ZJV85J,"65W Laptop Charger AC/DC Adapter for HP Pavilion G4 G6 G7 M6; EliteBook 2540p 2560p 2570p 2730p 2740p 2760p 6930p 8440p 8460p Revolve 810, 820-G1, 820-G2, 840-G1, 840-G2, 850-G1, 850-G2 Folio 9470m",UK,mid_market,7,12.58,7.72569320634511,11.107652,12.166882,14.532957,12.17,0.3651854390842144,0.4946932,MANUAL_REVIEW,LOW_CONFIDENCE,11.809318791335455,True,1
Q-000003162,2025-11-19 09:00:00,B08X9HYPZJ,"TRENDnet 5-Port Unmanaged 10/100 Mbps GREENnet Ethernet Desktop Plastic Housing Switch, 5 X 10/100 Mbps Ports, 1Gbps Switching Capacity, TE100-S5",UK,channel,3,12.99,8.367400646616176,11.185213,12.356792,14.498566,12.36,0.3230258376524129,0.51152927,MANUAL_REVIEW,LOW_CONFIDENCE,13.42377440002953,True,1
Q-000095285,2025-11-19 13:00:00,B094J76LXL,"YUSONIC Kids Headphones, Kid Toddler Headphones with mic & Audio Sharing Port+ Volume Limited, Boys Girls Baby Children Toddlers Laptop Tablet Phones Class Travel Airplane use (Pink)",UK,strategic,2,14.88,8.930329555765063,11.359548,12.196061,15.049297,12.2,0.2680057741176178,0.46938097,MANUAL_REVIEW,STRATEGIC_ACCOUNT|LOW_CONFIDENCE,12.508471286713345,True,1
Q-000124335,2025-11-19 17:00:00,B09SZGV4X2,"100 PCS Aesthetic Stickers, Cute Vinyl Waterproof Laptop Skateboard Stickers, Car Decals Phone Computer Water Bottles Stickers for Teens Kids Girls",DE,channel,2,9.99,6.794785381152801,8.4234295,9.066059,11.040044,9.07,0.2508505643712458,0.4860026,MANUAL_REVIEW,LOW_CONFIDENCE,,False,0
Q-000024953,2025-11-19 17:00:00,B086QJ5VYP,RUYIDAY 14 15 15.4 15.6 inch Laptop Handle Bag Computer Protect Case Pouch Holder Notebook Sleeve Neoprene Cover Soft Carrying Travel Case for Dell Lenovo Toshiba HP Chromebook ASUS Acer(Butterfly),UK,channel,1,15.98,11.691450304802396,13.411853,14.614842,17.248938,14.61,0.1997638395070228,0.5187321,AUTO_APPROVE,ALL_GUARDRAILS_PASS,13.598717408313236,True,4
Q-000099176,2025-11-20 01:00:00,B07MW8S89F,ASRock B365M-ITX/ac LGA1151/ Intel B365/ DDR4/ SATA3&USB3.1/ M.2/ WiFi/A&GbE/Mini-Itx Motherboard,UK,mid_market,1,350.86,233.8218927089744,272.03632,353.52676,374.68356,353.53,0.3386080595452313,0.48389837,MANUAL_REVIEW,LOW_CONFIDENCE,346.5587793937628,True,3
Q-000073783,2025-11-20 03:00:00,B097XXRJQF,Roffatide Anime My Hero Academia Bakugo Boom Boom Boom Laptop Backpack with USB Charging Port & Headphone Port,UK,enterprise,2,39.99,29.99128162798815,33.200275,37.001087,41.862324,37.0,0.1894248208651851,0.5569631,AUTO_APPROVE,ALL_GUARDRAILS_PASS,40.01400535390542,True,4
Q-000035692,2025-11-20 04:00:00,B08SBPPKW4,"VGA to HDMI VGA Adapter, Dual Display 1080P VGA to HDMI VGA Splitter Converter with Charging Cable and 3.5mm Audio Cable for Computer, Desktop, Laptop, PC, Monitor, Projector and More",DE,mid_market,2,16.99,12.208965063270083,15.1130495,16.630875,19.284662,16.63,0.2658469595147272,0.5341446,AUTO_APPROVE,ALL_GUARDRAILS_PASS,17.96735038030986,True,4
Q-000103117,2025-11-20 05:00:00,B00305K4S0,Thermaltake Power Supply 240-Pin 650 Power Supply TRX-650M,ES,mid_market,1,115.64,75.88973399927208,96.42599,115.24318,123.39708,115.24,0.3414636063929878,0.55705523,AUTO_APPROVE,ALL_GUARDRAILS_PASS,117.8868568781594,True,3
Q-000173594,2025-11-20 12:00:00,B0716B4T5K,RiteAV - 2 Port HDMI 1 Port Coax Cable TV- F-Type 1 Port Cat6 Ethernet Decorative Wall Plate - Ivory,UK,enterprise,1,15.33,9.417888395802777,13.019938,14.513778,16.967363,14.51,0.3509380843692091,0.50664514,MANUAL_REVIEW,LOW_INVENTORY|LOW_CONFIDENCE,13.712785509329128,True,4
Q-000085375,2025-11-20 15:00:00,B01JC5X8R0,"SD Memory Card Aluminum Case, SENHAI Micro SD Card Storage Protective Holder, 2 Pack - Black",UK,channel,3,9.59,6.851271528573609,8.247935,8.832305,10.750242,8.83,0.2240915596179377,0.49248934,MANUAL_REVIEW,LOW_CONFIDENCE,9.883748651121664,True,1
Q-000113329,2025-11-20 21:00:00,B01BLJBFD4,"BesLif 15.6"" Wide Privacy Filter Screen Protector Anti Glare Film Laptop Widescreen 16:9 Ratio",UK,channel,1,14.99,10.194129632190132,12.508263,13.668293,16.23231,13.67,0.2542699610687541,0.5060362,MANUAL_REVIEW,LOW_CONFIDENCE,14.626988180150995,True,1
Q-000140016,2025-11-21 02:00:00,B08N9KC8SJ,"Tolino Laptop Travel Backpack, Portable Lightweight Adjustable Shoulder Strap for School Travel Business",UK,channel,6,19.9,15.1792811206177,16.831476,18.300291,21.278406,18.3,0.1705310863050438,0.544714,AUTO_APPROVE,ALL_GUARDRAILS_PASS,18.445347479603917,True,4
Q-000090609,2025-11-21 07:00:00,B0719S1D45,Accessory USA AC DC Adapter for Ryobi CH124 720391002 Class 2 Power Supply Cord PS Wall Home Battery Charger,UK,strategic,1,10.89,5.898805681730443,8.666227,9.24215,11.223001,9.24,0.3616011166958395,0.50077087,MANUAL_REVIEW,STRATEGIC_ACCOUNT|LOW_CONFIDENCE,10.399536485434798,True,0
Q-000005455,2025-11-21 10:00:00,B087QDGQXB,"LORYERGO Monitor Stand, Monitor Riser 3 Height Adjustable, Laptop Stand Desk With Metal Vented Platform, Computer Stand for Printer, Laptop, PC Tower, Laptop Stand for Office & Home",FR,channel,15,19.99,12.250085968903797,16.398666,18.284718,21.148573,18.28,0.3298640060774728,0.5223399,AUTO_APPROVE,ALL_GUARDRAILS_PASS,17.488165180149434,True,1
Q-000104401,2025-11-21 14:00:00,B09QLGCQ6C,"CAT5E Riser (CMR), 1000ft, UTP 24AWG, Solid Bare Copper, 350MHz, UL Certified, Easy to Pull (Reelex II) Box, Bulk Ethernet Cable in Gray",CH,channel,15,100.0,68.34633740936039,78.12478,90.09616,100.34236,90.1,0.2414390964554895,0.53983253,MANUAL_REVIEW,COLD_START,94.27152972131894,True,0
Q-000031275,2025-11-21 15:00:00,B0C3CLXBY5,"12 in 1 Surface Dock (2*HDMI +VGA), Microsoft Surface pro Docking Station Triple Display, Surface pro Accessories for Surface Pro 8/X/7/6/5/4/3, Surface Laptop 4/3/2/go, Surface Book 3/2, Surface Book",UK,mid_market,2,153.99,108.73947445152314,121.89734,147.39369,159.50572,147.39,0.2622330249574384,0.5284062,AUTO_APPROVE,ALL_GUARDRAILS_PASS,170.65721643617292,True,3
Q-000061279,2025-11-21 20:00:00,B00540IHEC,C-130 airborne drop Laptop Skin,UK,channel,5,9.49,6.078034789934554,7.968891,8.697266,10.502775,8.7,0.3013753115017754,0.4827016,MANUAL_REVIEW,LOW_CONFIDENCE,8.6530601041165,True,4
Q-000087377,2025-11-21 23:00:00,B08L4JTC79,OUWEE L19C4PC1 Laptop Battery Compatible with Lenovo Legion 5P-15IMH05 Legion 5-15IMH05 5-15ARH05 Series L19C4PC0 5B10W86196 L19M4PC0 5B10W86195 L19M4PC1 5B10W86192 5B10W86194 15.4V 80Wh 5335mAh,UK,mid_market,1,66.99,41.99903006062444,55.739887,65.12936,72.86432,65.13,0.3551507744415102,0.51823634,MANUAL_REVIEW,LOW_INVENTORY,72.37959517237026,True,4
Q-000075386,2025-11-22 11:00:00,B08NJMR1SH,"NRICO 2.5 inches Ultra Slim Portable External Hard Drive USB3.0 HDD Storage Mobile Hard Disk Compatible for PC, Mac, Desktop, Laptop (250GB, Sydney)",PT,channel,4,21.99,15.975678151004546,18.939167,20.89319,23.907143,20.89,0.2352475753468384,0.5518665,AUTO_APPROVE,ALL_GUARDRAILS_PASS,22.78636076990741,True,4
Q-000136056,2025-11-22 13:00:00,B0069FVT0K,Hardsided Laptop Catalog Case,UK,mid_market,15,186.49,119.73708264551836,147.04399,181.77219,193.99893,181.77,0.341271482392483,0.5242462,AUTO_APPROVE,ALL_GUARDRAILS_PASS,186.199643918221,True,3
Q-000021356,2025-11-22 18:00:00,B07D5N1PFY,"Fast Dell Latitude E5470 HD Business Laptop Notebook PC (Intel Core i5-6300U, 8GB Ram, 256GB Solid State SSD, HDMI, Camera, WiFi, SC Card Reader) Win 10 Pro (Renewed)",UK,mid_market,2,152.95,82.47964345709775,118.984215,145.62857,158.7332,145.63,0.4336356282558693,0.5054181,MANUAL_REVIEW,LOW_CONFIDENCE,148.82116410983122,True,1
Q-000157265,2025-11-22 19:00:00,B01BI920SG,"2 X Famous Kids Cartoon Characters Die Cut Vinyl Decal for Laptop, Helmet, Car Truck Bumper, Musical Instruments (Black, 3.5"")",UK,mid_market,1,9.49,5.875368065844207,8.498282,9.091493,10.966439,9.09,0.3536448772448616,0.50727624,MANUAL_REVIEW,LOW_CONFIDENCE,9.22625503040264,True,0
Q-000004196,2025-11-22 21:00:00,B002ONCDWY,"HP TouchSmart 600-1050 23-Inch Desktop (2.1 GHz Intel Core 2 Duo T6500 Processor, 4GB DDR3, 750GB HDD, Windows 7 Home Premium) Black (Discontinued by Manufacturer)",FR,channel,58,1199.99,674.6148507101992,803.9853,1061.5011,1166.9418,1061.5,0.3644702301364115,0.4253602,MANUAL_REVIEW,LOW_CONFIDENCE,1064.044338432517,True,3
Q-000051790,2025-11-23 07:00:00,B08B7YH7TM,"Audioengine B-Fi Multiroom Music Streamer | Hi-Fi Low Latency Wi-Fi Audio Receiver, Wireless Audio Adapter for Speakers, AV Receiver, Stereo Amp, Airplay, DLNA, HD Streaming, Phone, Tablet, Computer",DE,channel,10,189.0,137.66684010747483,142.41241,176.52281,192.1878,176.52,0.2201062763002784,0.4941369,MANUAL_REVIEW,LOW_INVENTORY|LOW_CONFIDENCE,192.9127614761747,True,3
Q-000006851,2025-11-23 15:00:00,B0916W4RTD,"MOSISO Camera Backpack, DSLR/SLR/Mirrorless Photography Camera Bag Quick Side Insert Camera Case with Tripod Holder&15-16 inch Laptop Compartment Compatible with Canon/Nikon/Sony/Laptop, Black",IE,mid_market,3,55.99,37.98720673057609,46.579815,53.136517,59.141247,53.14,0.2851485372492267,0.5537743,AUTO_APPROVE,ALL_GUARDRAILS_PASS,62.3234473303159,True,1
Q-000151966,2025-11-24 00:00:00,B094CFZLPR,"Leather Mens Messenger Bag Vintage 15.6 Inch Waterproof Leather Laptop Briefcase Large Satchel Shoulder Bag Retro Office College Computer Laptop Bag, Coffee",UK,channel,2,45.99,34.922987007859234,37.531715,41.940624,47.684235,41.94,0.1673107532699276,0.5459804,AUTO_APPROVE,ALL_GUARDRAILS_PASS,,False,1
Q-000060922,2025-11-24 02:00:00,B08ZKVF1X7,StarTech.com 100 Pack Cable Clips with Nails - Two Steel Nails - Reusable Nail-in Clamps - Brick/Drywall Cable Fasteners - Ethernet Cord/AV/Coax Cable - Mounting Cable Tacks - White - TAA (CBMDNMCC1),UK,enterprise,10,10.02,6.757000149950032,8.307135,8.9201975,10.978971,8.92,0.2424887724271265,0.472926,MANUAL_REVIEW,LOW_CONFIDENCE,8.872131081819132,True,1
Q-000050694,2025-11-24 05:00:00,B07MR42JMX,"45W USB-C Fast Charger for Chromebook Laptops, HP Envy X360 Charger for Laptop Type C, Compatible with HP, Dell, Lenovo, Acer, Asus, and More",ES,mid_market,1,16.99,10.730558122608038,14.864511,16.553255,19.242321,16.55,0.3516279079995144,0.5162467,AUTO_APPROVE,ALL_GUARDRAILS_PASS,17.1749039542364,True,1
Q-000134533,2025-11-24 17:00:00,B071DKH1HC,CYD 45W 19V 2.37A Laptop Power Cord Compatible for Asus Model Laptop Charger UX360C X553M Q302L Q504UA Q304U S200E UX330 UX330U UX360 UX305 X540 X541 F553 F553M F556 C202SA C300SA E402WA,FR,mid_market,2,21.99,15.07693341781258,19.782722,22.066437,25.098604,22.07,0.3168584767642691,0.5475734,AUTO_APPROVE,ALL_GUARDRAILS_PASS,22.96551280340317,True,0
Q-000141005,2025-11-24 17:00:00,B09X8YPXZ8,"HP 17 Laptop, Intel Core 11th gen i5-1135G7(Beat i7-1065G7), 17.3"" FHD IPS 100% sRGB Display, Intel Iris Xe Graphics, Webcam, Fast Charge, Backlit KB, Win 11 Home (16GB RAM | 512GB PCIe SSD)",DE,mid_market,14,739.0,471.7413484690824,535.1507,707.62054,762.27185,707.62,0.3333408489456453,0.44824675,MANUAL_REVIEW,LOW_CONFIDENCE,716.9287566183059,True,3
Q-000080362,2025-11-24 21:00:00,B0B9BKRX1X,"Orange Pi 3 LTS 2GB LPDDR3 Allwinner H6 Flash 4-Core 64 Bit with 8GB eMMC Flash Single Board Computer, Support Dual-Band WiFi and Bluetooth 5.0 Development Board Run Android/Ubuntu. (Pi 3 LTS)",NL,enterprise,3,47.99,32.65926376449023,35.767296,39.734188,46.116005,39.73,0.1779697013720053,0.5214608,AUTO_APPROVE,ALL_GUARDRAILS_PASS,41.2357945671714,True,1
Q-000179233,2025-11-24 22:00:00,B08869XNGY,Powerforlaptop Laptop/Notebook Replace MB04XL Battery Compatible with HP Envy X360 M6-AQ000 M6-AQ103DX M6-AQ003DX M6-AQ005DX M6-AR004DX Series 15-AQ104NG 15-AQ105NG 15-AQ106NG 15-AQ101NG 15-AQ102NG,UK,enterprise,5,20.55,13.158426491004358,16.700909,18.30289,21.539616,18.3,0.2809603010380133,0.5163755,AUTO_APPROVE,ALL_GUARDRAILS_PASS,20.64097297062038,True,4
Q-000179664,2025-11-24 23:00:00,B0BK5JKKVG,Acer Aspire 1 Silver Slim Laptop Intel Processor N4500 up to 2.8Ghz 4GB DDR4 128GB eMMC 15.6in FHD LED HDMI Win 11 Webcam (A115-32-Renewed),BE,enterprise,2,219.99,119.9175017878695,164.79477,199.48181,215.71735,199.48,0.3988494997600285,0.5282499,AUTO_APPROVE,ALL_GUARDRAILS_PASS,205.7179971801398,True,1
Q-000151133,2025-11-25 00:00:00,B0B6GSJ5DV,"Lenovo ThinkPad T14 Gen 3 AMD Ryzen 7 PRO 6850U, 14"" WUXGA (1920x1200) IPS 300nits Anti-Glare, Touch, 16 GB RAM DDR5 6400MHz, 512 GB SSD, Backlit KYB Fingerprint Reader, Windows Pro",UK,mid_market,1,1189.0,573.5097584122783,782.38873,1071.4722,1173.0084,1071.47,0.4647449220115558,0.4019575,MANUAL_REVIEW,LOW_CONFIDENCE,1076.4221662883067,True,3
Q-000167448,2025-11-25 01:00:00,B07VL5QR5G,Cables Direct Online White 75ft Cat6 Ethernet Network Cable RJ45 Internet Modem Patch Cord,UK,channel,13,12.95,7.363053227806963,10.686544,11.669532,14.0159025,11.67,0.3690614200679551,0.49004465,MANUAL_REVIEW,LOW_CONFIDENCE,10.933163971180182,True,1
Q-000076666,2025-11-25 18:00:00,B09RG7CPV7,"Newest Dell XPS 15 9510 Elite Laptop, 15.6"" FHD+ 500 Nits Display, Intel i7-11800H, RTX 3050Ti, 32GB RAM, 512GB SSD, IR Webcam, Backlit Keyboard, Fingerprint Reader, WiFi 6, Thunderbolt 4, Win 11 Home",DE,channel,4,1899.0,1306.5366581220069,1196.122,1711.7043,1910.9731,1711.7,0.2367023087445189,0.35202137,MANUAL_REVIEW,LOW_INVENTORY|LOW_CONFIDENCE,1794.9658071711867,True,3
Q-000063777,2025-11-25 22:00:00,B0BN5ZLKX3,"ASUS ROG Zephyrus G14 14"" VR Ready 120Hz FHD Gaming Laptop,8Core AMD Ryzen 9 4900HS(Beat i7-10750H),16GB RAM,1TB PCIe SSD,Backlight,Wi-Fi 6,USB C,NVIDIA GeForce RTX2060 Max-Q,Win10 (Moonlight White)",DE,strategic,9,1699.0,922.6903280759956,1135.476,1473.0806,1569.9421,1473.08,0.3736318950253918,0.47838336,MANUAL_REVIEW,STRATEGIC_ACCOUNT|LOW_CONFIDENCE,1299.153080022017,True,3
Q-000177432,2025-11-26 01:00:00,B09X8L9DJ2,"Thermaltake Reactor 380 Liquid-Cooled PC (AMD Ryzen 7 5800X, RTX 3080, 16GB 3600Mhz DDR4 RGB ToughRAM, Seagate FireCuda 520 NVMe 1TB, WiFi, Win 10 Home) Gaming Desktop Computer TW1B-B550-R38-LCS",FR,mid_market,1,1899.99,1045.787869861393,1187.5854,1829.8159,1979.0286,1829.82,0.4284750030815092,0.3391492,MANUAL_REVIEW,LOW_INVENTORY|LOW_CONFIDENCE,2203.351361377593,True,3
Q-000087485,2025-11-26 04:00:00,B0C45TKD6P,"DuHeSin 4 Pack USB 3.1 90 Degree Adapter,【2*Left Angle】&【2*Right Angle】 USB A Male to Female Adapter for PC, Laptop, USB A Car Charger, Power Bank and Most USB Devices",IE,strategic,13,12.99,7.899233374213811,10.162069,10.876843,13.350331,10.88,0.2739675207524071,0.4805569,MANUAL_REVIEW,STRATEGIC_ACCOUNT|LOW_CONFIDENCE,9.588379253351516,True,4
Q-000124737,2025-11-26 11:00:00,B0BGR4TDW4,"DOXONN Laptop Holder Vertical, Aluminum Tool-Free Adjustable Vertical Laptop Stand 2 Slot, Width from 0.39""-1.2"", Support M2 MacBook air and Almost All Laptop (Space Grey)",IE,channel,3,26.99,20.015210962915653,22.517805,24.625599,28.615505,24.63,0.1873645569258768,0.5384607,AUTO_APPROVE,ALL_GUARDRAILS_PASS,24.65786891722932,True,2
Q-000000620,2025-11-26 14:00:00,B07VN3FBW3,"USB Extender 165ft 50m 4-Port USB2.0 HUB by Cat5e Cat6 -Two Webcam Work Sync,Plug & Play for Camera Storage Hard Drive PC Windows,MacOS,Android,1.5m USB Cable, 5V Power USB Over Ethernet EX60USB",DE,mid_market,14,59.99,41.3169176426778,51.209793,60.031353,66.725525,60.03,0.3117288415346027,0.5240589,MANUAL_REVIEW,LOW_INVENTORY,59.134487728790674,True,1
Q-000148332,2025-12-01 16:00:00,B0B3X9DLD5,"Kingdom Backpack Hearts Backpack School Bag Bookbag Laptop Backpacks (Black 1), One Size",CH,channel,14,34.99,23.513669044522963,28.42774,31.671547,36.174107,31.67,0.2575412363586055,0.54255754,AUTO_APPROVE,ALL_GUARDRAILS_PASS,30.3903805286556,True,0
Q-000109477,2025-12-01 17:00:00,B08QMRT986,TEAMGROUP T-Force Zeus DDR4 16GB Kit (2 x 8GB) 3000MHz (PC4 24000) CL16 Desktop Gaming Memory Module Ram - TTZD416G3000HC16CDC01,UK,channel,1,32.99,20.92341955906945,26.47348,29.296045,33.969776,29.3,0.2858901174379026,0.52744955,AUTO_APPROVE,ALL_GUARDRAILS_PASS,29.994784859290263,True,1
Q-000086940,2025-12-02 00:00:00,B0BLBHDR3J,"EVGA SuperNOVA 120-GP-0850-X1, 850 G+, 80 Plus Gold 850W, Fully Modular, FDB Fan, 10 Year Warranty, Includes Power ON Self Tester, Power Supply",CH,enterprise,17,169.95,98.85323064447138,127.0058,148.4658,164.08752,148.47,0.3341871715196916,0.5355745,AUTO_APPROVE,ALL_GUARDRAILS_PASS,153.6590122697669,True,1
Q-000086847,2025-12-02 04:00:00,B07RSZXWP2,"Lenovo ThinkCentre Business Computer, Intel Core i5, 16G DDR3, 512G SSD, 2T, VGA, DP, WiFi, BT 4.0, DVD, Win 10 64 Bit-Multi-Language(CI5)(Renewed)",PT,channel,2,226.31,145.9468643745382,166.32968,198.78365,218.66469,198.78,0.2657869786973629,0.5177874,AUTO_APPROVE,ALL_GUARDRAILS_PASS,182.9518145369132,True,3
Q-000073130,2025-12-02 06:00:00,B07BMPFFYF,HP Laptop ELITEBOOK 840 G1 Intel Core i7-4600u 2.10GHz 8GB DDR3 Ram 500GB HDD Webcam Win 10 Pro (Renewed),UK,mid_market,2,147.98,103.8387034656661,120.92438,141.40715,154.63025,141.41,0.265690520715182,0.55106574,AUTO_APPROVE,ALL_GUARDRAILS_PASS,145.955660229049,True,3
Q-000157946,2025-12-02 13:00:00,B07K9V35VZ,Tram 1477 Pre-Tuned 144MHz–148MHz VHF/430MHz–460MHz UHF Amateur Dual-Band Base Antenna (White Fiberglass),PT,mid_market,5,74.99,39.39520141149357,61.06377,70.88505,79.73929,70.89,0.4442770290380369,0.51754695,AUTO_APPROVE,ALL_GUARDRAILS_PASS,72.01460996650135,True,1
Q-000135968,2025-12-02 17:00:00,B000FVNWRC,Asus M2N-SLI Deluxe Green nVIDIA Socket Am2 ATX Motherboard,UK,enterprise,9,168.04,107.3778125749086,124.62198,145.27444,160.58812,145.27,0.2608397289536134,0.53851795,AUTO_APPROVE,ALL_GUARDRAILS_PASS,144.84472854714238,True,3
Q-000062848,2025-12-02 23:00:00,B074GYBZP7,UL Listed AC Charger Adapter Fit for Asus X200C X200CA X200M X200MA X200LA X200L X200 X202E X202 X201E X201 X200CA-HCL1104G Laptop Power Supply Cord,CH,mid_market,13,17.99,12.453695937998877,15.581342,17.224537,20.20147,17.22,0.2767888537747459,0.5114151,MANUAL_REVIEW,LOW_CONFIDENCE,17.66950683464289,True,1
Q-000055978,2025-12-03 08:00:00,B019MRN4JA,"GENNEL 20Grams White Thermal Conductive Compound Grease, Heatsink Paste, Thermal Paste for CPU GPU Cooler IC LED Chipset Cooling",UK,channel,1,8.99,4.918816758159707,7.469256,8.088716,10.080057,8.09,0.3919880397824836,0.4462272,MANUAL_REVIEW,LOW_CONFIDENCE,8.368124610875158,True,1
Q-000022943,2025-12-03 23:00:00,B09QFL1WQD,Muigiwi Replacement Studio 2 Ear Pads Memory Foam Ear Cushions Compatible with Studio2.0 / Studio3.0 Wireless/Wired Over Ear Headphones Earpads (Black),BE,enterprise,21,11.98,8.269215791959004,9.963118,10.593515,12.921296,10.59,0.2191486504288003,0.49752438,MANUAL_REVIEW,LOW_CONFIDENCE,12.012243325270898,True,2
Q-000056697,2025-12-04 02:00:00,B001LDJJB6,Seagate FreeAgent Xtreme 500 GB USB 2.0/FireWire 400/eSATA Desktop External Hard Drive ST305004FPA2E3-RK (Black),UK,mid_market,2,199.99,133.3924115895734,155.6094,189.79285,205.08359,189.79,0.2971578503104831,0.52116597,AUTO_APPROVE,ALL_GUARDRAILS_PASS,208.307845067514,True,3
Q-000108176,2025-12-04 19:00:00,B07TJ7ZYCC,"NewFantasia Replacement Audio Upgrade Cable Compatible with Sennheiser HD650, HD600, HD580, HD660S, HD58X, HD565, HD545, HD535, HD525, HD265, Massdrop HD6XX Headphones 3meters/9.9feet",UK,channel,3,21.0,14.13777689110428,17.363523,19.163876,22.53325,19.16,0.2621202040133465,0.5094567,MANUAL_REVIEW,LOW_CONFIDENCE,17.658520163178427,True,4
Q-000005329,2025-12-04 19:00:00,B08F56XH79,"CHUWI UBook X 12 inch Touchscreen Tablet PC Bundled with Keyboard and Stylus Pen, 8GB RAM 256GB SSD, 2160x1440 Pixels Display, Intel N4120 Quad Core Processor, Type-C Dual Wi-Fi, Windows 11 - Gray",NL,strategic,81,399.0,210.18536053385316,238.11108,264.13113,299.53436,271.32,0.2253230114482783,0.5591312,MANUAL_REVIEW,STRATEGIC_ACCOUNT,228.46234840636208,True,1
Q-000014977,2025-12-05 03:00:00,B08TX3M96F,Intel Core i5 (11th Gen) i5-11600K Hexa-core (6 Core) 3.90 GHz Processor - Retail Pack,NL,enterprise,192,196.98,109.78266684420538,121.67386,129.09546,153.71696,147.73,0.2568695130020619,0.53765875,AUTO_APPROVE,ALL_GUARDRAILS_PASS,127.53640823738576,True,1
Q-000034617,2025-12-05 16:00:00,B09NN4B32B,ASODI PG03XL 52.5Wh HSTNN-DB9G Laptop Battery Compatible with HP Pavilion Gaming 15-DK 15-dk0000 15-DK0125TX OMEN 5X FPC52 Series HSTNN-OB1I L48430-AC1 L48495-005 L48430-2C1 11.55V 4323mAh (Type A),UK,channel,1,49.74,29.875935526943536,39.10294,44.06728,49.972393,44.07,0.3220799744283291,0.5397551,AUTO_APPROVE,ALL_GUARDRAILS_PASS,,False,4
Q-000019387,2025-12-06 02:00:00,B08MY4FLTJ,Asus VivoBook S15 15.6-inch FHD Laptop Intel Core i5-10210U Processor 1.6GHz 8GB RAM 512GB SSD NVIDIA_GeForce MX250 2GB GDDR5 HDMI Bluetooth Fingerprint Reader Backlit Keyboard Windows 10 Home (Renewed),FR,mid_market,5,649.0,343.8792517699955,466.3634,610.0229,669.34467,610.02,0.4362820042457698,0.43523934,MANUAL_REVIEW,LOW_CONFIDENCE,579.2311877483219,True,3
Q-000117168,2025-12-06 06:00:00,B091GY6R4X,"B-Qtech Ring Light, 6'' RGB Ring Light with Adjustable Tripod Stand & Cell Phone Holder, Mini LED Dimmable Light Ring Desktop LED Lamp with USB for Selfie Makeup Live Streaming YouTube Video",UK,channel,28,29.99,19.69215403777065,24.18561,26.838755,31.036665,26.84,0.2663131878624944,0.5282593,AUTO_APPROVE,ALL_GUARDRAILS_PASS,27.7788358235965,True,1
Q-000169011,2025-12-06 10:00:00,B08BF8T44R,"XXONE Outdoor Cat 6 Ethernet Cable 10ft, 26AWG Heavy-Duty Cat6 Networking Cord Patch Cable RJ45 LAN Wire Cable FTP Waterproof Direct Burial",FR,enterprise,11,8.99,5.810563263691672,7.446989,7.956664,10.037842,7.96,0.2700297407422522,0.44305953,MANUAL_REVIEW,LOW_CONFIDENCE,,False,1
Q-000039832,2025-12-06 10:00:00,B0979S1R5N,"Ematic EPJ590WH Portable Projector 800 x 480 Native Resolution Support 1080p Video Source, Gaming Console, PC, Laptop, Streaming Devices and More",UK,mid_market,9,37.99,23.86285231330784,33.17081,37.872345,43.060596,37.87,0.36987450981495,0.5205669,MANUAL_REVIEW,LOW_INVENTORY,39.894285016797326,True,4
Q-000015695,2025-12-06 11:00:00,B08K773Z7D,"SD Card Reader, JSAUX USB C to Micro SD Memory Card Reader Adapter（5Gbps,2TB Capacity） USB Type C Thunderbolt 3 Card Reader Compatible for MacBook Pro/Air，Android Sumsung S22/S21/S20 and More -Grey",ES,channel,5,12.99,7.656903168827059,10.688863,11.618703,14.08411,11.62,0.3410582470888934,0.4816409,MANUAL_REVIEW,LOW_CONFIDENCE,12.131717183003428,True,1
Q-000116699,2025-12-07 05:00:00,B075CGZJLJ,Eyoyo 12 inch HD 1920x1080 IPS LCD HDMI Monitor Screen Input Audio Video Display with BNC Cable for PC Computer Camera DVD Security CCTV DVR Home Office Surveillance,FR,enterprise,1,139.99,96.52844373581952,107.85365,125.43572,137.37361,125.44,0.2304811564427654,0.5552436,AUTO_APPROVE,ALL_GUARDRAILS_PASS,122.01439218382248,True,3
Q-000154488,2025-12-07 16:00:00,B0845Y1FRN,"ASUS ROG Strix 17.3"" 1080P Portable Gaming Monitor (XG17AHPE) - FHD, IPS, 240Hz, Adaptive-Sync, Built-in Battery, Smart Case, USB Type-C, Micro HDMI, For Laptop, PC, Phone, Console, 3-Year Warranty",IE,channel,10,469.0,299.33879087484814,344.20523,447.64362,479.77563,447.64,0.3312957044168346,0.4690089,MANUAL_REVIEW,LOW_INVENTORY|LOW_CONFIDENCE,441.7913205750529,True,1
Q-000102639,2025-12-08 13:00:00,B071NM6RNC,"DELL Optiplex 790 High Performance Desktop Computer MiniTower, Intel Core i5-2400 Processor up to 3.4GHz, 8GB RAM, 2TB HDD + 120GB SSD, DVD, WiFi, Windows 10 Pro 64 bit (Renewed)']",NL,channel,291,92.89,56.86270921705384,60.307137,68.684875,78.9335,68.68,0.1720630574103984,0.50764924,MANUAL_REVIEW,LOW_CONFIDENCE,63.18078801894871,True,1
Q-000112460,2025-12-08 19:00:00,B07TWJC934,"Ingenico 2M Ethernet Cable, IPP3XX Compatible (296114829AC)",UK,channel,11,38.0,21.679724291407755,30.168028,33.961365,39.268864,33.96,0.3616100031976515,0.5117391,MANUAL_REVIEW,LOW_CONFIDENCE,36.36266202728634,True,0
Q-000012028,2025-12-08 23:00:00,B0C44K8FS6,"Wahoo ELEMNT ROAM GPS Cycling/Bike Computer Bundle, Black",PT,channel,6,199.99,117.53005743459074,148.44864,178.00577,191.45088,178.01,0.339755870824163,0.54665107,AUTO_APPROVE,ALL_GUARDRAILS_PASS,195.0708383540889,True,1
Q-000063941,2025-12-09 08:00:00,B009YOJZ5E,Corsair CML16GX3M2A1600C9 Vengeance 16GB (2 x 8GB) DDR3 1600 MHz (PC3 12800) Desktop Memory 1.5v,UK,mid_market,2,80.15,59.77599515488908,67.45684,78.29141,87.14792,78.29,0.2364798166446662,0.5332446,AUTO_APPROVE,ALL_GUARDRAILS_PASS,77.36966516411375,True,1
Q-000017368,2025-12-09 18:00:00,B07C9SPRBV,A-Tech 2GB KIT (2 x 1GB) For Gateway MX Series MX6433 MX6433 1014062R MX6436 MX6436 1008822 MX6437 MX6437 1008823 MX6438 MX6438 1008901 MX6440 MX6440 1008. SO-DIMM DDR NON-ECC PC2700 333MHz RAM Memory,UK,channel,3,49.99,32.8223635534779,39.86924,44.96495,51.115437,44.96,0.269965223454673,0.5351139,AUTO_APPROVE,ALL_GUARDRAILS_PASS,,False,0
Q-000161139,2025-12-09 21:00:00,B0BW4TXLM2,"2022 Newest Lenovo IdeaPad 3i Laptop, 17.3"" HD+ Display, 11th Gen Intel Core i5-1135G7, Intel Iris Xe Graphics, 20GB RAM, 1TB PCIe SSD, WiFi, Webcam, Fingerprint Reader, Windows 11 Home, Gray",UK,mid_market,1,739.99,539.4317227896654,538.77966,741.55676,817.0871,741.56,0.2725717099227771,0.39131045,MANUAL_REVIEW,LOW_CONFIDENCE,,False,3
Q-000108938,2025-12-11 08:00:00,B09X97K1X6,"UVOOI VGA to VGA Cable 10FT, VGA Cord for Computer Monitor Gold-Plated SVGA Cable 1080P HD15 Male to Male",UK,mid_market,5,8.97,5.17057067076857,8.039205,8.770755,10.532663,8.77,0.4104252370845416,0.491285,MANUAL_REVIEW,LOW_CONFIDENCE,9.31420898237598,True,4
Q-000113083,2025-12-11 13:00:00,B09J94LDCR,"TP-Link USB to Ethernet Adapter (UE305), Foldable USB 3.0 to Gigabit Ethernet LAN Network Adapter, Supports Windows,Linux, Apple MacBook, Surface",DE,enterprise,10,12.99,8.882162743596998,10.65906,11.532871,14.083837,11.53,0.2296476371555074,0.47597274,MANUAL_REVIEW,LOW_CONFIDENCE,,False,1
Q-000050499,2025-12-12 07:00:00,B083DTJ8NR,"ESR Portable External Hard Drive Carrying Case, Pouch Holder for Computer Accessories, Sleeve Storage Organizer for Battery Pack, Wireless Mouse, Cables, and Earphones - Black",UK,channel,22,12.99,8.23066475549841,10.670003,11.578894,14.08411,11.58,0.2892344770726762,0.4784803,MANUAL_REVIEW,LOW_CONFIDENCE,11.448092013227118,True,1
Q-000136975,2025-12-12 15:00:00,B07338LDKF,"Logitech G703 Lightspeed Wireless Gaming Mouse, 12000 DPI, RGB, Lightweight, 6 Programmable Buttons, On-Board Memory, Long Battery Life, PC/Mac - Black",FR,enterprise,34,129.99,86.83945720891467,98.58711,115.20234,126.975105,115.2,0.2461852672837268,0.54007554,AUTO_APPROVE,ALL_GUARDRAILS_PASS,,False,1
Q-000030323,2025-12-12 23:00:00,B07734Y37H,"ProMaster SDXC 64GB Velocity CINE, Memory Card, (Model 7412)",UK,channel,6,69.95,45.8513860846735,54.948265,62.291306,70.15412,62.29,0.2639045419060282,0.5432031,AUTO_APPROVE,ALL_GUARDRAILS_PASS,,False,0
Q-000114018,2025-12-13 06:00:00,B0764HW117,"Dell Laptop - 7th Gen Intel Core i5, GTX 1060 6GB Graphics, 8GB Memory, 128GB SSD + 1TB HDD, 15.6"", Matte Black",UK,enterprise,15,1229.0,815.8688254452879,846.8882,1084.8217,1188.3168,1084.82,0.2479223968535904,0.45528525,MANUAL_REVIEW,LOW_CONFIDENCE,1015.3051626937008,True,3
Q-000058161,2025-12-13 07:00:00,B00VPQCTNY,A-Tech 4GB (2 x 2GB) RAM for HP Compaq 4000 Pro & 6000 Pro - (Small Form Factor & Microtower) - DDR3 1066MHz PC3-8500 Non-ECC DIMM Memory Upgrade Kit,UK,enterprise,1,17.19,11.382096722633833,14.27755,15.2494955,18.448215,15.25,0.2536330017945027,0.50472665,MANUAL_REVIEW,LOW_CONFIDENCE,15.199827046850736,True,4
Q-000170134,2025-12-14 05:00:00,B08HR3RCY6,Guardian Hunting - Waterproof SD Memory Card Holder Compatible with SanDisk Cards - Holds up to 16 Cards - Rugged SD Card Storage Case,UK,mid_market,191,17.99,12.14090376671206,14.534453,15.907981,19.431423,15.91,0.2369010831733464,0.46320868,MANUAL_REVIEW,LOW_INVENTORY|LOW_CONFIDENCE,14.613041503016673,True,1
Q-000075426,2025-12-14 05:00:00,B00AUAFKUU,T Power 5V Charger for Leapfrog LeapPad Academy Epic Kids Tablet Skytex-Imagine 9 Skypad 7s Sungale Cyberus TG-TEK/Epik Ac Dc Adapter Power Supply,UK,channel,32,9.99,4.982207978992252,8.133421,8.892625,10.977931,8.89,0.4395716559063833,0.44947168,MANUAL_REVIEW,LOW_CONFIDENCE,9.392965700327863,True,2
Q-000049782,2025-12-14 17:00:00,B01L2JBMQI,"Vangoddy 17.3-inch Laptop Messenger Bag for Dell G3 G7 17 Gaming, Inspiron 17 5000 7000 Series, Precision, Alienware m17",PT,mid_market,4,43.99,27.524617827493568,37.67366,44.380848,48.70399,44.38,0.3797968042475537,0.5372213,MANUAL_REVIEW,COLD_START,50.65387431548713,True,4
Q-000013113,2025-12-14 23:00:00,B0BGSB5YH3,"fanxiang S501 1TB NVMe SSD 3D NAND 1.3 PCIe Gen3x4 M.2 2280 Internal Solid State Drive (Read/Write Speed up to 2,150/1,850 MB/s) Compatible with Laptop & PC Desktop",UK,channel,31,37.59,25.020113596792488,29.925173,33.039127,38.205025,33.04,0.2427326393222612,0.53444916,AUTO_APPROVE,ALL_GUARDRAILS_PASS,34.90156281860304,True,1
Q-000116382,2025-12-15 19:00:00,B01MXQ17MV,"GearIT Cat 6 Ethernet Cable 4 ft (24-Pack) - Cat6 Patch Cable, Cat 6 Patch Cable, Cat6 Cable, Cat 6 Cable, Cat6 Ethernet Cable, Network Cable, Internet Cable - Black 4 Feet",UK,channel,2,45.99,29.5799438074086,36.494682,40.415943,46.994335,40.42,0.2681854575109204,0.52232003,AUTO_APPROVE,ALL_GUARDRAILS_PASS,45.909887974089806,True,1
Q-000074520,2025-12-16 03:00:00,B0BJFBWJB1,"Dell Gaming PC Desktop Computer - Intel Quad I5 up to 3.6GHz, GeForce GTX 1660 Ti 6G, 32GB DDR4 Memory, 128G SSD + 3TB, RGB Keyboard & Mouse, WiFi & Bluetooth 5.0, Win 10 Pro (Renewed)",NL,enterprise,18,342.99,217.11480465190547,235.1225,271.88522,295.3825,271.89,0.2014608678071812,0.5745925,AUTO_APPROVE,ALL_GUARDRAILS_PASS,275.6931805102033,True,0
Q-000104854,2025-12-16 07:00:00,B018DZD55A,"2016 HP 17-g119dx Pavilion 17.3-Inch Laptop (Intel Core TM i5 – 4210U 1.7 GHz Dual-Core Procesador, 1TB HD, 4 GB DDR3L, Windows 10), Plata",UK,channel,2,852.0,619.4157248222442,618.1674,790.74255,850.6716,790.74,0.2166632207524038,0.4794663,MANUAL_REVIEW,LOW_CONFIDENCE,,False,3
Q-000063287,2025-12-16 10:00:00,B08B5SJ4ML,"2Pack USB Charger with 10ft Power Cable for Wyze Cam,Eufy Cam,Arlo Essential Spotlight,Blink,KasaCam,Furbo Dog,Netvue,Yi Camera,Simpliisafe,Oculus Go,Nest Cam. 2-Pack Power Supply kit",NL,channel,13,17.95,11.050200097701476,13.268708,14.581384,17.92477,14.58,0.2420987587310372,0.45009854,MANUAL_REVIEW,LOW_CONFIDENCE,,False,1
Q-000150410,2025-12-16 22:00:00,B0BBG5T6RP,"TOPDesign Laptop Bag for Women, Waterproof PU Leather Work Briefcase fits 15.6 Inch Computer, Large Tote Messenger Shoulder Bag, Stylish Business Purse Handbag Satchel (Red)",ES,channel,4,39.99,27.777458388068705,32.85335,36.41998,41.31101,36.42,0.23730207611014,0.5595824,AUTO_APPROVE,ALL_GUARDRAILS_PASS,37.64243902153715,True,1
Q-000168252,2025-12-17 01:00:00,B076W5MNTX,"Ethernet Adapter for FIRE Stick (2nd Gen 3rd Gen and 4K Versions), Micro USB to RJ45 Ethernet Adapter with Power - up top 100Mbps",UK,enterprise,2,10.74,7.0976665746746015,8.836234,9.562325,11.781047,9.56,0.2575662578792258,0.46305946,MANUAL_REVIEW,LOW_CONFIDENCE,9.391712681031132,True,1
Q-000177800,2025-12-17 10:00:00,B09XBC5WHZ,"TechGround Compact Wireless Keyboard Mouse Combo, 2.4GHz Ultra Thin Small Wireless Keyboard Mouse for Desktop, Laptop (Black)",FR,channel,3,22.99,14.107281065048598,18.708698,20.683962,24.123156,20.68,0.3178297357326596,0.51973975,AUTO_APPROVE,ALL_GUARDRAILS_PASS,,False,1
Q-000060812,2025-12-17 17:00:00,B094NDM6ZH,"SABRENT 2.5 Inch SATA to USB 3.0 Tool Free Clear External Hard Drive Enclosure [Optimized for SSD, Supports UASP SATA III] (EC-OCUB)",BE,channel,40,11.99,7.599900971040965,9.823881,10.6726885,12.991245,10.67,0.2877318677562357,0.47619295,MANUAL_REVIEW,LOW_CONFIDENCE,10.83158382094379,True,1
Q-000148958,2025-12-17 21:00:00,B0BNHJ85LC,upHere P5C 5V ARGB CPU Air Cooler 230w TDP 6mm x 5 Copper Heat Pipes CPU Cooler with 120mm Fan PWM 1800RPM 77.93CFM for Intel LGA 2011/2066 (Mainboard X79/X99)/1700/1200/1150/1121/1155/ AMD AM5/AM4,UK,channel,2,29.99,16.00438583028848,23.964342,26.583935,30.567081,26.58,0.3978786369342181,0.5374426,AUTO_APPROVE,ALL_GUARDRAILS_PASS,29.54443882673725,True,1
Q-000048101,2025-12-18 09:00:00,B08MPV5SBC,"Surface Pro Car Charger 15V2.58A Surface Car Adapter for Microsoft Surface Pro 3/Pro 4/Pro 5/Pro 6/ Pro 7/Pro X Tablet, Surface Book, Surface Go, Surface Laptop 【4.9FT】",UK,enterprise,8,14.99,10.59379144776994,12.67847,13.9773445,16.617418,13.98,0.2422180652525079,0.4943439,MANUAL_REVIEW,LOW_INVENTORY|LOW_CONFIDENCE,15.32339717868376,True,1
Q-000135534,2025-12-18 13:00:00,B07CRLX16B,"WALI Aluminum Laptop Riser Stand Portable Foldable for up to 15 Inch Notebook, Laptop and Tablet (FLT001), Silver",UK,channel,3,14.99,10.196549559902184,12.433795,13.6514435,16.362404,13.65,0.2530000322415982,0.48702034,MANUAL_REVIEW,LOW_CONFIDENCE,12.9654625365917,True,4
Q-000099019,2025-12-18 13:00:00,B07SWZ3CBS,Dentsing 00HW020 Laptop battery Replace for Lenovo ThinkPad Yoga 460 20EL 20EM P40 Yoga 20GQ 20GR Yoga 14 20FY 20DM000VUS 20FY0002US S3 Yoga 14 Series Notebook 00HW021 SB10F46458 SB10F46459 11.4V 53Wh,UK,channel,10,47.74,28.904335330413367,37.230362,42.131336,47.80439,42.13,0.3139251049035517,0.5339546,AUTO_APPROVE,ALL_GUARDRAILS_PASS,46.70596616700082,True,2
Q-000109001,2025-12-18 18:00:00,B00CGTNMNK,"Ac Adapter Charger replacement for Samsung AD-3612S BN44-00139C Power Supply, for Samsung SyncMaster BX2035 BX2050 BX2235 BX2250 BX2335 BX2350 BX2450 BX2450L LS23WHUKFK P2070H PX2370 XL2270 XL2370 LCD TV Monitor Charger Power Supply Cord Plug (1 Free Usmart Euro Plug Travel Attachment with your Orde",ES,channel,17,9.99,7.180785172043115,8.828893,9.551924,11.432307,9.55,0.2480853222991503,0.5059159,MANUAL_REVIEW,LOW_CONFIDENCE,9.02284692231316,True,0
Q-000135434,2025-12-18 19:00:00,B00C74SXN8,"Projection Lamp Replacement for Osram E20.8, 230W 0.8 (P-VIP 230/0.8 E20.8), OEM Bulb with no Cage or Housing.",CH,channel,1,59.79,34.48727852412455,48.14124,56.291973,63.615337,56.29,0.3873285037462329,0.5029699,MANUAL_REVIEW,LOW_CONFIDENCE,,False,1
Q-000017374,2025-12-19 01:00:00,B07VHBK2GL,CYD 24W 12V 2A Laptop Charger Compatible for Asus Model Laptop Charger Chromebook-Flip C100 C100p C100pa-Db02 Adp-24ew,UK,mid_market,124,17.99,10.931186564384369,13.804014,15.140348,18.969559,15.14,0.2779929614012968,0.42615873,MANUAL_REVIEW,LOW_CONFIDENCE,14.562424807013908,True,4
Q-000122523,2025-12-19 02:00:00,B09XXRKT1W,"AI DaMi LED Wireless Mouse,5.2/3.0 2.4G Three Mode Mouse Rechargeable New Type of Wireless Silent Mouse,Wireless Mouse for Laptop,PC,MacBook Air,MacBook Pro,ipad,Mac,Computer Mouse (Silver)",FR,channel,8,9.99,7.079235957281789,8.369376,9.014662,11.058806,9.01,0.2142912367056838,0.4743315,MANUAL_REVIEW,LOW_CONFIDENCE,,False,4
Q-000159971,2025-12-20 02:00:00,B07DHMGWVG,"15V Power Adapter, COOLM AC DC 15V 2A Power Supply Converter Adapter Interface Size 5.5mm x 2.5mm AC 100-240V to DC 15V2A 30W Charger",DE,channel,16,14.65,8.746262913008424,11.902086,12.937626,15.547335,12.94,0.324090964991621,0.49441057,MANUAL_REVIEW,LOW_CONFIDENCE,13.57861334498839,True,1
Q-000129342,2025-12-20 02:00:00,B09GLWCCS3,"hodiczk Dual Monitor Stand Riser with Adjustable Length and Angle, Double Monitor Riser, Wood Desktop Storage Rack Organizer for Home Office Living Room, White",UK,mid_market,5,29.99,20.08566995498062,25.860699,28.493786,32.594677,28.49,0.2949922795724597,0.5538681,AUTO_APPROVE,ALL_GUARDRAILS_PASS,,False,1
Q-000080484,2025-12-20 14:00:00,B09QYM9WWF,100W USB-C AC Charger Fit for Razer Blade Stealth 13” GTX1650 2019 2020 RZ09-03101 RZ09-03102 RZ09-0327 Laptop Stand Chroma V2 Type-C Power Adapter Supply Cord,UK,channel,4,51.99,37.68027070997714,42.261017,47.62667,53.607834,47.63,0.2088962689486219,0.5512248,AUTO_APPROVE,ALL_GUARDRAILS_PASS,45.911407998968585,True,0
Q-000178462,2025-12-20 22:00:00,B0C6JTMP7L,65W Laptop Charger for Lenovo Thinkpad T460 T470 T470S T440 T450 T460S T540P T560 B50-45 B40 B50 E570 E560 E550 L450 L470 X240 X250 X270 G50-45 ADLX65NCC3A AC Adapter Power Cord Supply,UK,mid_market,1,10.99,7.161920873981852,9.753397,10.470864,12.634966,10.47,0.3159578916922778,0.5025818,MANUAL_REVIEW,LOW_CONFIDENCE,10.654463404530723,True,1
Q-000029838,2025-12-21 02:00:00,B07JMGJW9K,"Kogzzen 11 11.6 12 Inch Laptop Sleeve Tablet Case Compatible with MacBook 12""/ MacBook Air 11.6""/ Surface Pro, Waterproof Notebook Bag, Chromebook Dell Samsung HP Acer Asus - Black",UK,enterprise,1,17.99,12.00338767368592,14.80399,16.115128,19.09815,16.12,0.2553729730964069,0.51367265,AUTO_APPROVE,ALL_GUARDRAILS_PASS,16.808134210114755,True,1
Q-000178217,2025-12-21 04:00:00,B0BKTMSJK8,"GIGABYTE AORUS 17 XE4 17.3"" Full HD 360Hz Gaming Notebook Computer, Intel Core i7-12700H 2.3GHz, 16GB RAM, 1TB SSD, NVIDIA GeForce RTX 3070 Ti 8GB, Windows 11 Home, Black",IE,channel,7,2499.0,1500.8869931620484,1484.8884,2210.2654,2665.5906,2210.27,0.3209485749876493,0.26303306,MANUAL_REVIEW,LOW_CONFIDENCE,2363.2733017294063,True,2
Q-000113929,2025-12-21 05:00:00,B078LTZG8G,"5V 2A 10W UL Listed Wall Charger Adapter Fit for Nabi DreamTab,HD8,Jr,Nick Jr,Jr.S,Edition,2S,XD,Elev-8 Power Supply with 5Ft Charging Cord",UK,channel,7,13.99,10.057989355993088,12.025862,13.202487,15.571248,13.2,0.2380311093944631,0.5110191,MANUAL_REVIEW,LOW_INVENTORY|LOW_CONFIDENCE,,False,0
Q-000086471,2025-12-22 02:00:00,B0C59GC39M,"KAMRUI Mini PC,12th Intel Alder Lake- N95 up to 3.4 GHz,8GB RAM+256GB M.2 SSD, Windows 11 Pro Mini Computer,Support 2.5"" SATA SSD,WiFi 2.4G/5G,Bluetooth4.2,Triple Display,4K Reliable Office Small PC",IE,mid_market,36,199.99,135.64844369235507,153.20477,186.68948,203.46356,186.69,0.2734027334492738,0.51016223,MANUAL_REVIEW,LOW_CONFIDENCE,205.9081146203674,True,3
Q-000044511,2025-12-22 19:00:00,B07YZJXSKS,"RCA 10"" Viking Pro (2-in-1) Laptop Tablet with Detachable Keyboard - 32GB | Android 8.1 (Go Edition) - (RCT6A03W13F1H) (Purple)",FR,enterprise,2,249.0,169.78529578626953,184.72215,227.69653,246.34335,227.7,0.2543465270695233,0.50835687,MANUAL_REVIEW,LOW_INVENTORY|LOW_CONFIDENCE,239.78532401972805,True,1
Q-000169267,2025-12-23 21:00:00,B08KTJC3P5,"Avyxm USB C to USB C Cable 15 ft, [100W,USB 3.2 Gen 2] MacBook Pro Charger Cord USB C Monitor Cable 4K@60Hz Compatible with 4K USB C Monitor, MacBook Pro,iPad Pro,Laptops,Nintendo Switch and More",UK,channel,3,19.99,13.172091652979818,16.443113,17.975594,21.230722,17.98,0.2674031338720902,0.51383734,AUTO_APPROVE,ALL_GUARDRAILS_PASS,18.41586180191124,True,1
Q-000079940,2025-12-24 00:00:00,B01N2K48HR,"[Upgraded Version] SoulBay Universal AC/DC Adapter Multi-Voltage Regulated Switching Power Supply with 8 Selectable Adapter Plugs, for 3V to 12V Home Electronics, 2Amps Max",DE,channel,23,15.98,10.81944277151462,13.449462,14.979959,17.637651,14.98,0.2777408029696516,0.49709928,MANUAL_REVIEW,LOW_CONFIDENCE,,False,1
Q-000072714,2025-12-24 03:00:00,B0B8882QBJ,"Jaremite Ethernet Cable 100 ft, Cat6 Internet LAN Network Ether Cable 100ft, Long Flat Cat 6 Cable 100 feet for Router, Modem, PS4, Switch, Xbox One, TV, Gaming (White)",UK,mid_market,16,18.99,12.360872830993284,16.526403,18.20228,21.323309,18.2,0.320831163132237,0.5174548,AUTO_APPROVE,ALL_GUARDRAILS_PASS,18.304814278050184,True,1
Q-000076536,2025-12-24 04:00:00,B075BRNDTR,"Premium PC Monitor & Laptop Stand with Sturdy, Stable Black Metal Construction. Fashionable Riser is Height Adjustable with Non-Skid Rubber. Perfect for Computer Monitor, iMac Stand, or Computer Shelf",BE,enterprise,3,18.99,11.873349478699442,15.331388,16.846992,19.942139,16.85,0.2953501793056711,0.50448877,MANUAL_REVIEW,LOW_CONFIDENCE,16.19509201568628,True,1
Q-000006866,2025-12-24 04:00:00,B09WJYR6HV,"Wireless Keyboard and Mouse,2.4GHz Wireless Retro Cute Cat Keyboard with 84 Key Mouse and Keyboard Combo,Cat Mouse with 3 Adjustable DPI for Mac PC Desktop Laptop(Pink)",IE,strategic,3,35.99,27.28567664432129,27.75079,30.221071,35.222687,30.32,0.1000766278258149,0.53896576,MANUAL_REVIEW,STRATEGIC_ACCOUNT,29.658344178610097,True,1
Q-000139796,2025-12-24 08:00:00,B08MXSXG9R,Xiwai MSATA NGFF B/M-Key SSD to Slimline SATA 13Pin Caddy Case for 9.5mm Universal Laptop CD/DVD-ROM Optical Bay,UK,mid_market,7,14.88,9.490517581863791,13.047811,14.34467,16.964565,14.34,0.3381786902465974,0.5052939,MANUAL_REVIEW,LOW_CONFIDENCE,14.389176716290937,True,0
Q-000026575,2025-12-24 14:00:00,B08ML4Y5C8,"KAUKKO Laptop Outdoor Backpack, Traveling Rucksack Fits 15.6 Inch Laptop(5-5-Blackgreen)",IE,channel,7,42.99,30.63898654067401,34.586987,38.554005,43.722374,38.55,0.2052143569215559,0.5530117,AUTO_APPROVE,ALL_GUARDRAILS_PASS,41.22341437077317,True,1
Q-000153469,2025-12-25 01:00:00,B0B5YKLQC4,"2022 HP Chromebook 14-inch Touchscreen Laptop Computer, Intel Celeron N3350, 4 GB RAM, 32 GB eMMC, Chrome OS, WiFi, Webcam, USB Type-C, Bluetooth, 10 Hrs Battery+JVQ Mousepad, Gray",UK,channel,3,279.0,178.28780562541058,201.76196,245.23131,263.70554,245.23,0.2729771821334641,0.53180355,AUTO_APPROVE,ALL_GUARDRAILS_PASS,274.6553714535888,True,3
Q-000037554,2025-12-25 06:00:00,B0C6K8FRQM,"USB WiFi Adapter 1200Mbps for PC, Techkey Mini Wireless Network Adapter USB 3.0 WiFi 802.11 ac with Dual Band 2.4GHz/300Mbps, 5GHz/866Mbps for Desktop Laptop Windows XP/7/8/8.1/10/ Mac OS",ES,channel,18,19.99,12.28494980263427,16.369905,18.1021,21.18293,18.1,0.3212734915671675,0.51442516,AUTO_APPROVE,ALL_GUARDRAILS_PASS,16.1175562391111,True,1
Q-000053859,2025-12-25 13:00:00,B092QRZ6BD,ZHAWULEEFB Replacement New Laptop CPU+GPU Cooling Fan for ASUS Rog Zephyrus G14 GA401I GA401IV ‎GA401IH-BR7N2BL Series DFSCK22115181H FMBC DFSCK22105182H FMBB DC12V 1A Fan,PT,channel,15,23.99,11.991628187421425,19.170786,21.109394,25.02107,21.11,0.4319456093121069,0.500147,MANUAL_REVIEW,LOW_CONFIDENCE,20.533099713138768,True,1
Q-000159771,2025-12-25 23:00:00,B0C216RRSM,"Aerocool MIRAGEL120 CPU Liquid Cooler, 120mm ARGB Fan, TDP 200W, Black",UK,channel,4,106.61,59.594613357394906,81.62891,98.54728,109.64939,98.55,0.3952855062669212,0.49123207,MANUAL_REVIEW,LOW_CONFIDENCE,106.45469871079533,True,1
Q-000086352,2025-12-26 14:00:00,B01N229WB0,US Layout Non-Backlit Laptop Keyboard for ThinkPad X121e X130e X131e X140e Series Competible 04y0342 04y0379 04X0257 0C44064 04Y0342 0C01737 63Y0083 63Y0119 0C01774,UK,channel,1,27.63,18.155161971987383,22.744282,25.171875,29.079227,25.17,0.2786983721896152,0.53303456,AUTO_APPROVE,ALL_GUARDRAILS_PASS,22.387705512301014,True,0
Q-000171690,2025-12-26 19:00:00,B096HD65L3,"HP V6 RAM 16GB Kit (8GBx2) DDR4 3000MHz CL16 1.35V Desktop Computer Gaming Memory, Blue - 7TE39AA#ABC",FR,mid_market,4,39.99,26.85750250286356,34.20132,38.467564,43.38579,38.47,0.3018585260498165,0.55051714,AUTO_APPROVE,ALL_GUARDRAILS_PASS,36.7065167753912,True,1
